INSERT INTO `goods_items_rel_cats` (`item_id`, `category_id`, `company_id`, `created`, `updated`) VALUES
(1,8,1,1773752456,1773752456),
(4,8,1,1773752444,1773752444),
(7,7,1,1773752607,1773752607),
(11,7,1,1773752671,1773752671),
(15,6,1,1773752781,1773752781),
(16,6,1,1773752824,1773752824);

INSERT INTO `items` (`item_id`, `item_type`, `item_category`, `consume_type`, `item_name`, `item_bn`, `barcode`, `brief`, `company_id`, `price`, `cost_price`, `item_unit`, `special_type`, `item_address_province`, `item_address_city`, `regions_id`, `store`, `sales`, `rebate_conf`, `rebate`, `rebate_type`, `approve_status`, `audit_status`, `audit_reason`, `market_price`, `goods_function`, `goods_series`, `goods_color`, `goods_brand`, `is_default`, `default_item_id`, `goods_id`, `nospec`, `weight`, `sort`, `templates_id`, `pics`, `pics_create_qrcode`, `video_type`, `videos`, `video_pic_url`, `intro`, `purchase_agreement`, `is_show_specimg`, `enable_agreement`, `date_type`, `begin_date`, `end_date`, `fixed_term`, `brand_logo`, `is_point`, `point`, `distributor_id`, `volume`, `item_source`, `brand_id`, `tax_rate`, `crossborder_tax_rate`, `profit_type`, `origincountry_id`, `taxstrategy_id`, `taxation_num`, `profit_fee`, `type`, `is_profit`, `created`, `updated`, `is_gift`, `is_package`, `tdk_content`, `is_epidemic`, `regions`, `supplier_id`, `is_market`, `goods_bn`, `supplier_goods_bn`, `audit_date`, `is_medicine`, `is_prescription`, `supplier_item_id`, `start_num`, `delivery_time`, `is_taobao`) VALUES
(1,'normal','3','every','夹克外套A','KC26031700000008','','',1,230000,0,'','normal','','','',1,NULL,NULL,0,'default','only_show','approved',NULL,0,NULL,NULL,NULL,NULL,1,1,1,'false',0,1,1,'[\"https://shopex-onex-yundian-image.oss-cn-shanghai.aliyuncs.com/demo-ecshopx/image/152/2026/03/17/e1bc5498b3e469673ef3e54aefe50eee1773752311834.1.jpg\"]','[false]','local','',NULL,'','',0,0,'',0,0,0,NULL,NULL,0,0,NULL,'mall',1,0,'',0,0,0,0,0,0,0,1773752349,1773752456,0,0,'{\"title\":\"\",\"mate_description\":\"\",\"mate_keywords\":\"\"}',0,'',0,0,'PC26031700000002',NULL,1773752349,0,0,0,0,0,0),
(2,'normal','3','every','夹克外套A','KC26031700000009','','',1,230000,0,'','normal','','','',1,NULL,NULL,0,'default','only_show','approved',NULL,0,NULL,NULL,NULL,NULL,0,1,1,'false',0,1,1,'[\"https://shopex-onex-yundian-image.oss-cn-shanghai.aliyuncs.com/demo-ecshopx/image/152/2026/03/17/e1bc5498b3e469673ef3e54aefe50eee1773752311834.1.jpg\"]','[false]','local','',NULL,'','',0,0,'',0,0,0,NULL,NULL,0,0,NULL,'mall',1,0,'',0,0,0,0,0,0,0,1773752349,1773752456,0,0,'{\"title\":\"\",\"mate_description\":\"\",\"mate_keywords\":\"\"}',0,'',0,0,'PC26031700000002',NULL,1773752349,0,0,0,0,0,0),
(3,'normal','3','every','夹克外套A','KC26031700000010','','',1,230000,0,'','normal','','','',1,NULL,NULL,0,'default','only_show','approved',NULL,0,NULL,NULL,NULL,NULL,0,1,1,'false',0,1,1,'[\"https://shopex-onex-yundian-image.oss-cn-shanghai.aliyuncs.com/demo-ecshopx/image/152/2026/03/17/e1bc5498b3e469673ef3e54aefe50eee1773752311834.1.jpg\"]','[false]','local','',NULL,'','',0,0,'',0,0,0,NULL,NULL,0,0,NULL,'mall',1,0,'',0,0,0,0,0,0,0,1773752349,1773752456,0,0,'{\"title\":\"\",\"mate_description\":\"\",\"mate_keywords\":\"\"}',0,'',0,0,'PC26031700000002',NULL,1773752349,0,0,0,0,0,0),
(4,'normal','3','every','夹克外套B','KC26031700000011','','',1,230000,0,'','normal','','','',1,NULL,NULL,0,'default','only_show','approved',NULL,0,NULL,NULL,NULL,NULL,1,4,4,'false',0,1,1,'[\"https://shopex-onex-yundian-image.oss-cn-shanghai.aliyuncs.com/demo-ecshopx/image/152/2026/03/17/a449940bec467060ac72a4bc69360ab01773752364594.4.jpg\"]','[false]','local','',NULL,'','',0,0,'',0,0,0,NULL,NULL,0,0,NULL,'mall',1,0,'',0,0,0,0,0,0,0,1773752444,1773752444,0,0,'{\"title\":\"\",\"mate_description\":\"\",\"mate_keywords\":\"\"}',0,'',0,0,'PC26031700000005',NULL,1773752444,0,0,0,0,0,0),
(5,'normal','3','every','夹克外套B','KC26031700000012','','',1,230000,0,'','normal','','','',1,NULL,NULL,0,'default','only_show','approved',NULL,0,NULL,NULL,NULL,NULL,0,4,4,'false',0,1,1,'[\"https://shopex-onex-yundian-image.oss-cn-shanghai.aliyuncs.com/demo-ecshopx/image/152/2026/03/17/a449940bec467060ac72a4bc69360ab01773752364594.4.jpg\"]','[false]','local','',NULL,'','',0,0,'',0,0,0,NULL,NULL,0,0,NULL,'mall',1,0,'',0,0,0,0,0,0,0,1773752444,1773752444,0,0,'{\"title\":\"\",\"mate_description\":\"\",\"mate_keywords\":\"\"}',0,'',0,0,'PC26031700000006',NULL,1773752444,0,0,0,0,0,0),
(6,'normal','3','every','夹克外套B','KC26031700000013','','',1,230000,0,'','normal','','','',1,NULL,NULL,0,'default','only_show','approved',NULL,0,NULL,NULL,NULL,NULL,0,4,4,'false',0,1,1,'[\"https://shopex-onex-yundian-image.oss-cn-shanghai.aliyuncs.com/demo-ecshopx/image/152/2026/03/17/a449940bec467060ac72a4bc69360ab01773752364594.4.jpg\"]','[false]','local','',NULL,'','',0,0,'',0,0,0,NULL,NULL,0,0,NULL,'mall',1,0,'',0,0,0,0,0,0,0,1773752444,1773752444,0,0,'{\"title\":\"\",\"mate_description\":\"\",\"mate_keywords\":\"\"}',0,'',0,0,'PC26031700000007',NULL,1773752444,0,0,0,0,0,0),
(7,'normal','4','every','登山靴','KC26031700000014','','',1,200000,0,'','normal','','','',1,NULL,NULL,0,'default','onsale','approved',NULL,0,NULL,NULL,NULL,NULL,1,7,7,'false',0,1,1,'[\"https://shopex-onex-yundian-image.oss-cn-shanghai.aliyuncs.com/demo-ecshopx/image/152/2026/03/17/e410f78e466d6f9103b7533c2c3042b01773752563595.fIdgZbci5_副本2.png\"]','[false]','local','',NULL,'','',0,0,'',0,0,0,NULL,NULL,0,0,NULL,'mall',1,0,'',0,0,0,0,0,0,0,1773752607,1773752607,0,0,'{\"title\":\"\",\"mate_description\":\"\",\"mate_keywords\":\"\"}',0,'',0,0,'PC26031700000008',NULL,1773752607,0,0,0,0,0,0),
(8,'normal','4','every','登山靴','KC26031700000015','','',1,200000,0,'','normal','','','',1,NULL,NULL,0,'default','onsale','approved',NULL,0,NULL,NULL,NULL,NULL,0,7,7,'false',0,1,1,'[\"https://shopex-onex-yundian-image.oss-cn-shanghai.aliyuncs.com/demo-ecshopx/image/152/2026/03/17/e410f78e466d6f9103b7533c2c3042b01773752563595.fIdgZbci5_副本2.png\"]','[false]','local','',NULL,'','',0,0,'',0,0,0,NULL,NULL,0,0,NULL,'mall',1,0,'',0,0,0,0,0,0,0,1773752607,1773752607,0,0,'{\"title\":\"\",\"mate_description\":\"\",\"mate_keywords\":\"\"}',0,'',0,0,'PC26031700000009',NULL,1773752607,0,0,0,0,0,0),
(9,'normal','4','every','登山靴','KC26031700000016','','',1,200000,0,'','normal','','','',1,NULL,NULL,0,'default','onsale','approved',NULL,0,NULL,NULL,NULL,NULL,0,7,7,'false',0,1,1,'[\"https://shopex-onex-yundian-image.oss-cn-shanghai.aliyuncs.com/demo-ecshopx/image/152/2026/03/17/e410f78e466d6f9103b7533c2c3042b01773752563595.fIdgZbci5_副本2.png\"]','[false]','local','',NULL,'','',0,0,'',0,0,0,NULL,NULL,0,0,NULL,'mall',1,0,'',0,0,0,0,0,0,0,1773752607,1773752607,0,0,'{\"title\":\"\",\"mate_description\":\"\",\"mate_keywords\":\"\"}',0,'',0,0,'PC26031700000010',NULL,1773752607,0,0,0,0,0,0),
(10,'normal','4','every','登山靴','KC26031700000017','','',1,200000,0,'','normal','','','',1,NULL,NULL,0,'default','onsale','approved',NULL,0,NULL,NULL,NULL,NULL,0,7,7,'false',0,1,1,'[\"https://shopex-onex-yundian-image.oss-cn-shanghai.aliyuncs.com/demo-ecshopx/image/152/2026/03/17/e410f78e466d6f9103b7533c2c3042b01773752563595.fIdgZbci5_副本2.png\"]','[false]','local','',NULL,'','',0,0,'',0,0,0,NULL,NULL,0,0,NULL,'mall',1,0,'',0,0,0,0,0,0,0,1773752607,1773752607,0,0,'{\"title\":\"\",\"mate_description\":\"\",\"mate_keywords\":\"\"}',0,'',0,0,'PC26031700000011',NULL,1773752607,0,0,0,0,0,0),
(11,'normal','4','every','城市休闲运动鞋','KC26031700000018','','',1,200000,0,'','normal','','','',1,NULL,NULL,0,'default','only_show','approved',NULL,0,NULL,NULL,NULL,NULL,1,11,11,'false',0,1,1,'[\"https://shopex-onex-yundian-image.oss-cn-shanghai.aliyuncs.com/demo-ecshopx/image/152/2026/03/17/ddff2cc0600aca9abf702602a836a4751773752624147.fIdgZbci5_副本橙色.png\"]','[false]','local','',NULL,'','',0,0,'',0,0,0,NULL,NULL,0,0,NULL,'mall',1,0,'',0,0,0,0,0,0,0,1773752670,1773752671,0,0,'{\"title\":\"\",\"mate_description\":\"\",\"mate_keywords\":\"\"}',0,'',0,0,'PC26031700000012',NULL,1773752670,0,0,0,0,0,0),
(12,'normal','4','every','城市休闲运动鞋','KC26031700000019','','',1,200000,0,'','normal','','','',1,NULL,NULL,0,'default','only_show','approved',NULL,0,NULL,NULL,NULL,NULL,0,11,11,'false',0,1,1,'[\"https://shopex-onex-yundian-image.oss-cn-shanghai.aliyuncs.com/demo-ecshopx/image/152/2026/03/17/ddff2cc0600aca9abf702602a836a4751773752624147.fIdgZbci5_副本橙色.png\"]','[false]','local','',NULL,'','',0,0,'',0,0,0,NULL,NULL,0,0,NULL,'mall',1,0,'',0,0,0,0,0,0,0,1773752671,1773752671,0,0,'{\"title\":\"\",\"mate_description\":\"\",\"mate_keywords\":\"\"}',0,'',0,0,'PC26031700000013',NULL,1773752670,0,0,0,0,0,0),
(13,'normal','4','every','城市休闲运动鞋','KC26031700000020','','',1,200000,0,'','normal','','','',1,NULL,NULL,0,'default','only_show','approved',NULL,0,NULL,NULL,NULL,NULL,0,11,11,'false',0,1,1,'[\"https://shopex-onex-yundian-image.oss-cn-shanghai.aliyuncs.com/demo-ecshopx/image/152/2026/03/17/ddff2cc0600aca9abf702602a836a4751773752624147.fIdgZbci5_副本橙色.png\"]','[false]','local','',NULL,'','',0,0,'',0,0,0,NULL,NULL,0,0,NULL,'mall',1,0,'',0,0,0,0,0,0,0,1773752671,1773752671,0,0,'{\"title\":\"\",\"mate_description\":\"\",\"mate_keywords\":\"\"}',0,'',0,0,'PC26031700000014',NULL,1773752670,0,0,0,0,0,0),
(14,'normal','4','every','城市休闲运动鞋','KC26031700000021','','',1,200000,0,'','normal','','','',1,NULL,NULL,0,'default','only_show','approved',NULL,0,NULL,NULL,NULL,NULL,0,11,11,'false',0,1,1,'[\"https://shopex-onex-yundian-image.oss-cn-shanghai.aliyuncs.com/demo-ecshopx/image/152/2026/03/17/ddff2cc0600aca9abf702602a836a4751773752624147.fIdgZbci5_副本橙色.png\"]','[false]','local','',NULL,'','',0,0,'',0,0,0,NULL,NULL,0,0,NULL,'mall',1,0,'',0,0,0,0,0,0,0,1773752671,1773752671,0,0,'{\"title\":\"\",\"mate_description\":\"\",\"mate_keywords\":\"\"}',0,'',0,0,'PC26031700000015',NULL,1773752670,0,0,0,0,0,0),
(15,'normal','5','every','墨绿色背包','KC26031700000022','','',1,320000,0,'','normal','','','',1,NULL,NULL,0,'default','only_show','approved',NULL,0,NULL,NULL,NULL,NULL,1,15,15,'true',0,1,1,'[\"https://shopex-onex-yundian-image.oss-cn-shanghai.aliyuncs.com/demo-ecshopx/image/152/2026/03/17/ea9d93ff1595be277482a39cc3535a261773752746024.包2.jpg\"]','[false]','local','',NULL,'','',0,0,'',0,0,0,NULL,NULL,0,0,NULL,'mall',1,0,'',0,0,0,0,0,0,0,1773752780,1773752781,0,0,'{\"title\":\"\",\"mate_description\":\"\",\"mate_keywords\":\"\"}',0,'',0,0,'PC26031700000016',NULL,1773752780,0,0,0,0,0,0),
(16,'normal','5','every','蓝色背包','KC26031700000023','','',1,230000,0,'','normal','','','',1,NULL,NULL,0,'default','onsale','approved',NULL,0,NULL,NULL,NULL,NULL,1,16,16,'true',0,1,1,'[\"https://shopex-onex-yundian-image.oss-cn-shanghai.aliyuncs.com/demo-ecshopx/image/152/2026/03/17/2cb4a81495d8a9d19dd394eed08d6caf1773752801687.el_sku_G9CC01_640x640_0_副本_副本.jpg\"]','[false]','local','',NULL,'','',0,0,'',0,0,0,NULL,NULL,0,0,NULL,'mall',1,0,'',0,0,0,0,0,0,0,1773752824,1773752824,0,0,'{\"title\":\"\",\"mate_description\":\"\",\"mate_keywords\":\"\"}',0,'',0,0,'PC26031700000017',NULL,1773752824,0,0,0,0,0,0);

INSERT INTO `items_attribute_values` (`attribute_value_id`, `attribute_id`, `company_id`, `shop_id`, `attribuattribute_valuete_name`, `sort`, `image_url`, `created`, `updated`, `oms_value_id`) VALUES
(1,2,1,0,'黑色','0','',1773469533,1773469533,NULL),
(2,2,1,0,'蓝色','1','',1773469533,1773469533,NULL),
(3,2,1,0,'混色','2','',1773469533,1773469533,NULL),
(4,3,1,0,'39','0','',1773752508,1773752508,NULL),
(5,3,1,0,'41.5','1','',1773752508,1773752508,NULL),
(6,3,1,0,'42','2','',1773752508,1773752508,NULL),
(7,3,1,0,'42.5','3','',1773752508,1773752508,NULL);

INSERT INTO `items_attributes` (`attribute_id`, `company_id`, `shop_id`, `attribute_type`, `attribute_name`, `attribute_memo`, `attribute_sort`, `distributor_id`, `is_show`, `is_image`, `image_url`, `created`, `updated`, `attribute_code`, `attribute_show`) VALUES
(1,1,0,'brand','品牌','','1',0,'true','true','',1773469517,1773469517,NULL,'select'),
(2,1,0,'item_spec','颜色','','1',0,'true','','',1773469533,1773469533,NULL,'select'),
(3,1,0,'item_spec','尺码','','1',0,'true','','',1773752508,1773752508,NULL,'select');

INSERT INTO `items_category` (`category_id`, `company_id`, `category_name`, `category_code`, `parent_id`, `category_level`, `is_main_category`, `path`, `distributor_id`, `sort`, `goods_params`, `goods_spec`, `image_url`, `crossborder_tax_rate`, `created`, `updated`, `customize_page_id`, `commission_ratio`, `category_id_taobao`, `parent_id_taobao`, `taobao_category_info`, `invoice_tax_rate_id`, `invoice_tax_rate`, `regionauth_id`, `is_show_front`) VALUES
(1,1,'户外运动',NULL,0,1,1,'1',0,0,NULL,NULL,'',NULL,1773469488,1773752076,0,0,0,0,NULL,NULL,NULL,0,1),
(2,1,'品类',NULL,1,2,1,'1,2',0,0,NULL,NULL,'',NULL,1773469496,1773469496,0,0,0,0,NULL,NULL,NULL,0,1),
(3,1,'服饰',NULL,2,3,1,'1,2,3',0,0,NULL,'[\"2\"]','',NULL,1773469502,1773752523,0,0,0,0,NULL,NULL,NULL,0,1),
(4,1,'鞋履',NULL,2,3,1,'1,2,4',0,0,NULL,'[\"2\",\"3\"]','',NULL,1773752529,1773752535,0,0,0,0,NULL,NULL,NULL,0,1),
(5,1,'背包',NULL,2,3,1,'1,2,5',0,0,NULL,NULL,'',NULL,1773752695,1773752695,0,0,0,0,NULL,NULL,NULL,0,1),
(6,1,'背包',NULL,0,1,0,'6',0,0,NULL,NULL,'',NULL,1773469545,1773752103,0,0,0,0,NULL,NULL,NULL,0,1),
(7,1,'鞋履',NULL,0,1,0,'7',0,0,NULL,NULL,'',NULL,1773469552,1773752098,0,0,0,0,NULL,NULL,NULL,0,1),
(8,1,'外套',NULL,0,1,0,'8',0,0,NULL,NULL,'',NULL,1773469567,1773752091,0,0,0,0,NULL,NULL,NULL,0,1);

INSERT INTO `items_rel_attributes` (`id`, `company_id`, `item_id`, `attribute_sort`, `attribute_id`, `attribute_type`, `attribute_value_id`, `custom_attribute_value`, `image_url`) VALUES
(1,1,4,0,2,'item_spec',1,NULL,NULL),
(2,1,5,0,2,'item_spec',2,NULL,NULL),
(3,1,6,0,2,'item_spec',3,NULL,NULL),
(4,1,4,NULL,1,'brand',NULL,NULL,NULL),
(5,1,1,0,2,'item_spec',1,NULL,NULL),
(6,1,2,0,2,'item_spec',2,NULL,NULL),
(7,1,3,0,2,'item_spec',3,NULL,NULL),
(8,1,1,NULL,1,'brand',NULL,NULL,NULL),
(9,1,7,0,2,'item_spec',3,NULL,NULL),
(10,1,7,1,3,'item_spec',4,NULL,NULL),
(11,1,8,0,2,'item_spec',3,NULL,NULL),
(12,1,8,1,3,'item_spec',5,NULL,NULL),
(13,1,9,0,2,'item_spec',3,NULL,NULL),
(14,1,9,1,3,'item_spec',6,NULL,NULL),
(15,1,10,0,2,'item_spec',3,NULL,NULL),
(16,1,10,1,3,'item_spec',7,NULL,NULL),
(17,1,7,NULL,1,'brand',NULL,NULL,NULL),
(18,1,11,0,2,'item_spec',3,NULL,NULL),
(19,1,11,1,3,'item_spec',4,NULL,NULL),
(20,1,12,0,2,'item_spec',3,NULL,NULL),
(21,1,12,1,3,'item_spec',5,NULL,NULL),
(22,1,13,0,2,'item_spec',3,NULL,NULL),
(23,1,13,1,3,'item_spec',6,NULL,NULL),
(24,1,14,0,2,'item_spec',3,NULL,NULL),
(25,1,14,1,3,'item_spec',7,NULL,NULL),
(26,1,11,NULL,1,'brand',NULL,NULL,NULL),
(27,1,15,NULL,1,'brand',NULL,NULL,NULL),
(28,1,16,NULL,1,'brand',NULL,NULL,NULL);

INSERT INTO `pages_template` (`pages_template_id`, `company_id`, `distributor_id`, `template_title`, `template_name`, `template_pic`, `template_type`, `element_edit_status`, `status`, `timer_status`, `timer_time`, `template_status_modify_time`, `weapp_pages`, `template_content`, `created_at`, `updated_at`, `deleted_at`, `lang`, `regionauth_id`) VALUES
(1,1,0,'户外运动','yykweishop','https://shopex-onex-yundian-image.oss-cn-shanghai.aliyuncs.com/demo-ecshopx/image/152/2026/03/14/b3b8ceaf5ca684df706b6c3fe54710d31773468570253.b2c--logo.JPG',0,2,1,2,NULL,1772786822,'index','{\"content\":[{\"id\":\"1\",\"name\":\"page\",\"base\":{\"navigateBackgroundColor\":\"#fff\",\"navigateBackgroundImage\":\"\",\"titleStyle\":\"3\",\"titleColor\":\"#000\",\"titleBackgroundImage\":\"\",\"showSearchButton\":true,\"searchButtonColor\":{\"bgColor\":\"#232221\",\"textColor\":\"#FFFFFF\"},\"pageBackgroundColor\":\"#f5f5f5\",\"pageBackgroundImage\":\"\",\"isImmersive\":false,\"immersiveScrollBgColor\":\"#ffffff\",\"pTitleHotSetting\":{\"type\":\"none\",\"hotzone\":{\"imgUrl\":\"\",\"data\":[]}}},\"tags\":{\"type\":\"2\",\"meber_tags\":[],\"no_meber_tags\":[]},\"tagsType\":\"2\",\"meber_tags\":[],\"no_meber_tags\":[]},{\"id\":\"2\",\"name\":\"slider\",\"base\":{\"outerMargin\":{\"paddedt\":0,\"paddedb\":0,\"paddedl\":0,\"paddedr\":0}},\"config\":{\"interval\":3000,\"dot\":true,\"dotLocation\":\"right\",\"dotColor\":\"dark\",\"shape\":\"circle\",\"dotCover\":false,\"rounded\":false,\"autoplay\":true,\"firstScreenWidth\":375,\"firstScreenHeight\":694},\"data\":[{\"imgUrl\":\"https://shopex-onex-yundian-image.oss-cn-shanghai.aliyuncs.com/demo-ecshopx/image/152/2026/03/17/8acc69d5062725b6ee26e35fbeee04bd1773752180302.u622au5c4f2026-01-17 16.32.34.png\",\"videoUrl\":\"\",\"media_type\":\"img\",\"hotData\":[],\"autoplay\":false,\"interact\":\"reset\",\"overlay\":\"\",\"overlayWidth\":100,\"overlaybuttom\":0,\"overlayLeft\":0,\"overlayHotData\":[]},{\"imgUrl\":\"https://shopex-onex-yundian-image.oss-cn-shanghai.aliyuncs.com/demo-ecshopx/image/152/2026/03/17/d8f0689d1beed23518a7dcbd8449d2511773752233625.u622au5c4f2026-01-17 16.32.55.png\",\"videoUrl\":\"\",\"media_type\":\"img\",\"hotData\":[],\"autoplay\":false,\"interact\":\"reset\",\"overlay\":\"\",\"overlayWidth\":100,\"overlaybuttom\":0,\"overlayLeft\":0,\"overlayHotData\":[]}],\"track\":\"\",\"tags\":{\"type\":\"2\",\"meber_tags\":[],\"no_meber_tags\":[]},\"tagsType\":\"2\",\"meber_tags\":[],\"no_meber_tags\":[]},{\"name\":\"contentPartition\",\"meber_tags\":[],\"no_meber_tags\":[],\"tagsType\":\"2\",\"base\":{\"track\":\"\",\"animate\":\"horizontal\",\"navSticky\":true,\"statusBarBgColor\":\"#E3DEDE\",\"navitemheight\":80,\"navitemmargin\":80,\"leftimgUrl\":\"\",\"rightimgUrl\":\"\",\"navitemborder\":\"true\",\"navitemradius\":0,\"navitembordercolor\":\"#161515\",\"navitemarea\":[],\"outerMargin\":{\"paddedt\":0,\"paddedb\":0,\"paddedl\":0,\"paddedr\":0}},\"data\":{\"data\":[{\"navItemName\":\"u670du9970\",\"navitemtype\":\"text\",\"imgUrl\":\"\",\"navitemactiveimg\":\"\",\"navitemcolor\":\"#666666\",\"navitembg\":\"\",\"navitemactivecolor\":\"#1A1A1A\",\"navitemactivebg\":\"\",\"navactivebg\":\"\",\"navactivebgimg\":\"\",\"isActive\":false,\"no_meber_tags\":[],\"meber_tags\":[],\"tagsType\":\"2\",\"configType\":\"widget\",\"children\":[{\"name\":\"goods\",\"base\":{\"outerMargin\":{\"bgType\":\"color\",\"bgPic\":\"\",\"startColor\":\"\",\"endColor\":\"\",\"bgColor\":\"#383535\",\"paddedt\":12,\"paddedb\":12,\"paddedl\":0,\"paddedr\":0},\"innerPadding\":{\"paddedt\":32,\"paddedb\":32,\"paddedl\":32,\"paddedr\":32},\"track\":\"\",\"dataType\":\"category\",\"dataCount\":4,\"goodsLayout\":\"two\",\"titleText\":{\"type\":\"text\",\"text\":\"u5939u514b\",\"image\":\"\"},\"titleColor\":\"#EFE8E8\",\"moreBtn\":{\"show\":true,\"color\":\"#ECE7E7\"},\"moreLink\":[]},\"data\":{\"id\":\"8\",\"info\":{\"title\":\"u5916u5957\"}},\"meber_tags\":[],\"no_meber_tags\":[],\"tagsType\":\"2\",\"wgtName\":\"u5546u54c1\"}]},{\"navItemName\":\"u978bu5c65\",\"navitemtype\":\"text\",\"imgUrl\":\"\",\"navitemactiveimg\":\"\",\"navitemcolor\":\"#666666\",\"navitembg\":\"\",\"navitemactivecolor\":\"#1A1A1A\",\"navitemactivebg\":\"\",\"navactivebg\":\"\",\"navactivebgimg\":\"\",\"isActive\":false,\"no_meber_tags\":[],\"meber_tags\":[],\"tagsType\":\"2\",\"configType\":\"widget\",\"children\":[{\"name\":\"goods\",\"base\":{\"outerMargin\":{\"bgType\":\"color\",\"bgPic\":\"\",\"startColor\":\"\",\"endColor\":\"\",\"paddedt\":0,\"paddedb\":0,\"paddedl\":0,\"paddedr\":0},\"innerPadding\":{\"paddedt\":32,\"paddedb\":32,\"paddedl\":32,\"paddedr\":32},\"track\":\"\",\"dataType\":\"category\",\"dataCount\":4,\"goodsLayout\":\"one\",\"titleText\":{\"type\":\"text\",\"text\":\"u767bu5c71u978b\",\"image\":\"\"},\"titleColor\":\"#000000\",\"moreBtn\":{\"show\":false,\"color\":\"#000000\"},\"moreLink\":[]},\"data\":{\"id\":\"7\",\"info\":{\"title\":\"u978bu5c65\"}},\"meber_tags\":[],\"no_meber_tags\":[],\"tagsType\":\"2\",\"wgtName\":\"u5546u54c1\"}]},{\"navItemName\":\"u80ccu5305\",\"navitemtype\":\"text\",\"imgUrl\":\"\",\"navitemactiveimg\":\"\",\"navitemcolor\":\"#666666\",\"navitembg\":\"\",\"navitemactivecolor\":\"#1A1A1A\",\"navitemactivebg\":\"\",\"navactivebg\":\"\",\"navactivebgimg\":\"\",\"isActive\":false,\"no_meber_tags\":[],\"meber_tags\":[],\"tagsType\":\"2\",\"configType\":\"widget\",\"children\":[{\"name\":\"goods\",\"base\":{\"outerMargin\":{\"paddedt\":0,\"paddedb\":0,\"paddedl\":0,\"paddedr\":0},\"innerPadding\":{\"paddedt\":32,\"paddedb\":32,\"paddedl\":32,\"paddedr\":32},\"track\":\"\",\"dataType\":\"category\",\"dataCount\":4,\"goodsLayout\":\"two\",\"titleText\":{\"type\":\"text\",\"text\":\"\",\"image\":\"\"},\"titleColor\":\"#000000\",\"moreBtn\":{\"show\":false,\"color\":\"#000000\"},\"moreLink\":[]},\"data\":{\"id\":\"6\",\"info\":{\"title\":\"u80ccu5305\"}},\"meber_tags\":[],\"no_meber_tags\":[],\"tagsType\":\"2\",\"wgtName\":\"u5546u54c1\"}]}]},\"id\":\"3\"}]}','2026-03-06 16:47:02','2026-03-17 21:13:01',NULL,NULL,0);

INSERT INTO `pages_template_set` (`id`, `company_id`, `index_type`, `is_enforce_sync`, `is_open_recommend`, `is_open_wechatapp_location`, `is_open_scan_qrcode`, `is_open_official_account`, `tab_bar`, `created_at`, `updated_at`, `pages_template_id`, `regionauth_id`) VALUES
(1,1,1,1,2,1,2,2,'{\"name\":\"tabs\",\"config\":{\"backgroundColor\":\"#ffffff\",\"color\":\"#9B9494\",\"selectedColor\":\"#111112\"},\"data\":[{\"pagePath\":\"/pages/index\",\"text\":\"首页\",\"name\":\"home\",\"iconPath\":\"https://shopex-onex-yundian-image.oss-cn-shanghai.aliyuncs.com/demo-ecshopx/image/152/2026/03/14/96f316f301f9679a95680cca9f9dcb651773468524830.首页1.png\",\"selectedIconPath\":\"https://shopex-onex-yundian-image.oss-cn-shanghai.aliyuncs.com/demo-ecshopx/image/152/2026/03/14/26748414f0cf44934aaa3f36797fbafc1773468515745.截屏2026-01-17 13.00.39_副本.png\"},{\"pagePath\":\"/pages/category/index\",\"text\":\"分类\",\"name\":\"category\",\"iconPath\":\"https://shopex-onex-yundian-image.oss-cn-shanghai.aliyuncs.com/demo-ecshopx/image/152/2026/03/14/26748414f0cf44934aaa3f36797fbafc1773468515737.分类1.png\",\"selectedIconPath\":\"https://shopex-onex-yundian-image.oss-cn-shanghai.aliyuncs.com/demo-ecshopx/image/152/2026/03/14/26748414f0cf44934aaa3f36797fbafc1773468515736.分类.png\"},{\"pagePath\":\"/pages/cart/espier-index\",\"text\":\"购物车\",\"name\":\"cart\",\"iconPath\":\"https://shopex-onex-yundian-image.oss-cn-shanghai.aliyuncs.com/demo-ecshopx/image/152/2026/03/14/26748414f0cf44934aaa3f36797fbafc1773468515743.购物车1.png\",\"selectedIconPath\":\"https://shopex-onex-yundian-image.oss-cn-shanghai.aliyuncs.com/demo-ecshopx/image/152/2026/03/14/26748414f0cf44934aaa3f36797fbafc1773468515742.购物车.png\"},{\"pagePath\":\"/pages/member/index\",\"text\":\"我的\",\"name\":\"member\",\"iconPath\":\"https://shopex-onex-yundian-image.oss-cn-shanghai.aliyuncs.com/demo-ecshopx/image/152/2026/03/14/96f316f301f9679a95680cca9f9dcb651773468524839.我的1.png\",\"selectedIconPath\":\"https://shopex-onex-yundian-image.oss-cn-shanghai.aliyuncs.com/demo-ecshopx/image/152/2026/03/14/96f316f301f9679a95680cca9f9dcb651773468524836.我的.png\"}]}','2026-03-06 16:46:32','2026-03-17 21:13:06',0,0);

INSERT INTO `shipping_templates` (`template_id`, `company_id`, `name`, `is_free`, `distributor_id`, `valuation`, `protect`, `protect_rate`, `minprice`, `status`, `fee_conf`, `nopost_conf`, `free_conf`, `create_time`, `update_time`, `supplier_id`) VALUES
(1,1,'按件数','0',0,'2',NULL,NULL,NULL,1,'[{\"add_fee\":\"0\",\"add_standard\":\"1\",\"start_fee\":\"1\",\"start_standard\":\"1\"}]','[]','[{\"freetype\":\"1\",\"upquantity\":\"\",\"upmoney\":\"\"}]',1773752162,1773752162,0);

INSERT INTO `wechat_weapp_customize_page` (`id`, `template_name`, `company_id`, `page_name`, `page_description`, `page_share_title`, `page_share_desc`, `page_share_imageUrl`, `is_open`, `page_type`, `regionauth_id`) VALUES
(1,'yykweishop',1,'个人中心','个人中心','个人中心','','',1,'my',0);

INSERT INTO `wechat_weapp_setting` (`id`, `template_name`, `company_id`, `page_name`, `name`, `version`, `params`, `pages_template_id`, `sort_by`) VALUES
(1,'yykweishop',1,'index','page','v1.0.2','a:7:{s:2:\"id\";s:1:\"1\";s:4:\"name\";s:4:\"page\";s:4:\"base\";a:12:{s:23:\"navigateBackgroundColor\";s:4:\"#fff\";s:23:\"navigateBackgroundImage\";s:0:\"\";s:10:\"titleStyle\";s:1:\"3\";s:10:\"titleColor\";s:4:\"#000\";s:20:\"titleBackgroundImage\";s:0:\"\";s:16:\"showSearchButton\";b:1;s:17:\"searchButtonColor\";a:2:{s:7:\"bgColor\";s:7:\"#232221\";s:9:\"textColor\";s:7:\"#FFFFFF\";}s:19:\"pageBackgroundColor\";s:7:\"#f5f5f5\";s:19:\"pageBackgroundImage\";s:0:\"\";s:11:\"isImmersive\";b:0;s:22:\"immersiveScrollBgColor\";s:7:\"#ffffff\";s:16:\"pTitleHotSetting\";a:2:{s:4:\"type\";s:4:\"none\";s:7:\"hotzone\";a:2:{s:6:\"imgUrl\";s:0:\"\";s:4:\"data\";a:0:{}}}}s:4:\"tags\";a:3:{s:4:\"type\";s:1:\"2\";s:10:\"meber_tags\";a:0:{}s:13:\"no_meber_tags\";a:0:{}}s:8:\"tagsType\";s:1:\"2\";s:10:\"meber_tags\";a:0:{}s:13:\"no_meber_tags\";a:0:{}}',1,1),
(2,'yykweishop',1,'index','slider','v1.0.2','a:10:{s:2:\"id\";s:1:\"2\";s:4:\"name\";s:6:\"slider\";s:4:\"base\";a:1:{s:11:\"outerMargin\";a:4:{s:7:\"paddedt\";i:0;s:7:\"paddedb\";i:0;s:7:\"paddedl\";i:0;s:7:\"paddedr\";i:0;}}s:6:\"config\";a:10:{s:8:\"interval\";i:3000;s:3:\"dot\";b:1;s:11:\"dotLocation\";s:5:\"right\";s:8:\"dotColor\";s:4:\"dark\";s:5:\"shape\";s:6:\"circle\";s:8:\"dotCover\";b:0;s:7:\"rounded\";b:0;s:8:\"autoplay\";b:1;s:16:\"firstScreenWidth\";i:375;s:17:\"firstScreenHeight\";i:694;}s:4:\"data\";a:2:{i:0;a:11:{s:6:\"imgUrl\";s:172:\"https://shopex-onex-yundian-image.oss-cn-shanghai.aliyuncs.com/demo-ecshopx/image/152/2026/03/17/8acc69d5062725b6ee26e35fbeee04bd1773752180302.截屏2026-01-17 16.32.34.png\";s:8:\"videoUrl\";s:0:\"\";s:10:\"media_type\";s:3:\"img\";s:7:\"hotData\";a:0:{}s:8:\"autoplay\";b:0;s:8:\"interact\";s:5:\"reset\";s:7:\"overlay\";s:0:\"\";s:12:\"overlayWidth\";i:100;s:13:\"overlaybuttom\";i:0;s:11:\"overlayLeft\";i:0;s:14:\"overlayHotData\";a:0:{}}i:1;a:11:{s:6:\"imgUrl\";s:172:\"https://shopex-onex-yundian-image.oss-cn-shanghai.aliyuncs.com/demo-ecshopx/image/152/2026/03/17/d8f0689d1beed23518a7dcbd8449d2511773752233625.截屏2026-01-17 16.32.55.png\";s:8:\"videoUrl\";s:0:\"\";s:10:\"media_type\";s:3:\"img\";s:7:\"hotData\";a:0:{}s:8:\"autoplay\";b:0;s:8:\"interact\";s:5:\"reset\";s:7:\"overlay\";s:0:\"\";s:12:\"overlayWidth\";i:100;s:13:\"overlaybuttom\";i:0;s:11:\"overlayLeft\";i:0;s:14:\"overlayHotData\";a:0:{}}}s:5:\"track\";s:0:\"\";s:4:\"tags\";a:3:{s:4:\"type\";s:1:\"2\";s:10:\"meber_tags\";a:0:{}s:13:\"no_meber_tags\";a:0:{}}s:8:\"tagsType\";s:1:\"2\";s:10:\"meber_tags\";a:0:{}s:13:\"no_meber_tags\";a:0:{}}',1,2),
(3,'yykweishop',1,'index','contentPartition','v1.0.2','a:7:{s:4:\"name\";s:16:\"contentPartition\";s:10:\"meber_tags\";a:0:{}s:13:\"no_meber_tags\";a:0:{}s:8:\"tagsType\";s:1:\"2\";s:4:\"base\";a:13:{s:5:\"track\";s:0:\"\";s:7:\"animate\";s:10:\"horizontal\";s:9:\"navSticky\";b:1;s:16:\"statusBarBgColor\";s:7:\"#E3DEDE\";s:13:\"navitemheight\";i:80;s:13:\"navitemmargin\";i:80;s:10:\"leftimgUrl\";s:0:\"\";s:11:\"rightimgUrl\";s:0:\"\";s:13:\"navitemborder\";s:4:\"true\";s:13:\"navitemradius\";i:0;s:18:\"navitembordercolor\";s:7:\"#161515\";s:11:\"navitemarea\";a:0:{}s:11:\"outerMargin\";a:4:{s:7:\"paddedt\";i:0;s:7:\"paddedb\";i:0;s:7:\"paddedl\";i:0;s:7:\"paddedr\";i:0;}}s:4:\"data\";a:1:{s:4:\"data\";a:3:{i:0;a:16:{s:11:\"navItemName\";s:6:\"服饰\";s:11:\"navitemtype\";s:4:\"text\";s:6:\"imgUrl\";s:0:\"\";s:16:\"navitemactiveimg\";s:0:\"\";s:12:\"navitemcolor\";s:7:\"#666666\";s:9:\"navitembg\";s:0:\"\";s:18:\"navitemactivecolor\";s:7:\"#1A1A1A\";s:15:\"navitemactivebg\";s:0:\"\";s:11:\"navactivebg\";s:0:\"\";s:14:\"navactivebgimg\";s:0:\"\";s:8:\"isActive\";b:0;s:13:\"no_meber_tags\";a:0:{}s:10:\"meber_tags\";a:0:{}s:8:\"tagsType\";s:1:\"2\";s:10:\"configType\";s:6:\"widget\";s:8:\"children\";a:1:{i:0;a:7:{s:4:\"name\";s:5:\"goods\";s:4:\"base\";a:10:{s:11:\"outerMargin\";a:9:{s:6:\"bgType\";s:5:\"color\";s:5:\"bgPic\";s:0:\"\";s:10:\"startColor\";s:0:\"\";s:8:\"endColor\";s:0:\"\";s:7:\"bgColor\";s:7:\"#383535\";s:7:\"paddedt\";i:12;s:7:\"paddedb\";i:12;s:7:\"paddedl\";i:0;s:7:\"paddedr\";i:0;}s:12:\"innerPadding\";a:4:{s:7:\"paddedt\";i:32;s:7:\"paddedb\";i:32;s:7:\"paddedl\";i:32;s:7:\"paddedr\";i:32;}s:5:\"track\";s:0:\"\";s:8:\"dataType\";s:8:\"category\";s:9:\"dataCount\";i:4;s:11:\"goodsLayout\";s:3:\"two\";s:9:\"titleText\";a:3:{s:4:\"type\";s:4:\"text\";s:4:\"text\";s:6:\"夹克\";s:5:\"image\";s:0:\"\";}s:10:\"titleColor\";s:7:\"#EFE8E8\";s:7:\"moreBtn\";a:2:{s:4:\"show\";b:1;s:5:\"color\";s:7:\"#ECE7E7\";}s:8:\"moreLink\";a:0:{}}s:4:\"data\";a:2:{s:2:\"id\";s:1:\"8\";s:4:\"info\";a:1:{s:5:\"title\";s:6:\"外套\";}}s:10:\"meber_tags\";a:0:{}s:13:\"no_meber_tags\";a:0:{}s:8:\"tagsType\";s:1:\"2\";s:7:\"wgtName\";s:6:\"商品\";}}}i:1;a:16:{s:11:\"navItemName\";s:6:\"鞋履\";s:11:\"navitemtype\";s:4:\"text\";s:6:\"imgUrl\";s:0:\"\";s:16:\"navitemactiveimg\";s:0:\"\";s:12:\"navitemcolor\";s:7:\"#666666\";s:9:\"navitembg\";s:0:\"\";s:18:\"navitemactivecolor\";s:7:\"#1A1A1A\";s:15:\"navitemactivebg\";s:0:\"\";s:11:\"navactivebg\";s:0:\"\";s:14:\"navactivebgimg\";s:0:\"\";s:8:\"isActive\";b:0;s:13:\"no_meber_tags\";a:0:{}s:10:\"meber_tags\";a:0:{}s:8:\"tagsType\";s:1:\"2\";s:10:\"configType\";s:6:\"widget\";s:8:\"children\";a:1:{i:0;a:7:{s:4:\"name\";s:5:\"goods\";s:4:\"base\";a:10:{s:11:\"outerMargin\";a:8:{s:6:\"bgType\";s:5:\"color\";s:5:\"bgPic\";s:0:\"\";s:10:\"startColor\";s:0:\"\";s:8:\"endColor\";s:0:\"\";s:7:\"paddedt\";i:0;s:7:\"paddedb\";i:0;s:7:\"paddedl\";i:0;s:7:\"paddedr\";i:0;}s:12:\"innerPadding\";a:4:{s:7:\"paddedt\";i:32;s:7:\"paddedb\";i:32;s:7:\"paddedl\";i:32;s:7:\"paddedr\";i:32;}s:5:\"track\";s:0:\"\";s:8:\"dataType\";s:8:\"category\";s:9:\"dataCount\";i:4;s:11:\"goodsLayout\";s:3:\"one\";s:9:\"titleText\";a:3:{s:4:\"type\";s:4:\"text\";s:4:\"text\";s:9:\"登山鞋\";s:5:\"image\";s:0:\"\";}s:10:\"titleColor\";s:7:\"#000000\";s:7:\"moreBtn\";a:2:{s:4:\"show\";b:0;s:5:\"color\";s:7:\"#000000\";}s:8:\"moreLink\";a:0:{}}s:4:\"data\";a:2:{s:2:\"id\";s:1:\"7\";s:4:\"info\";a:1:{s:5:\"title\";s:6:\"鞋履\";}}s:10:\"meber_tags\";a:0:{}s:13:\"no_meber_tags\";a:0:{}s:8:\"tagsType\";s:1:\"2\";s:7:\"wgtName\";s:6:\"商品\";}}}i:2;a:16:{s:11:\"navItemName\";s:6:\"背包\";s:11:\"navitemtype\";s:4:\"text\";s:6:\"imgUrl\";s:0:\"\";s:16:\"navitemactiveimg\";s:0:\"\";s:12:\"navitemcolor\";s:7:\"#666666\";s:9:\"navitembg\";s:0:\"\";s:18:\"navitemactivecolor\";s:7:\"#1A1A1A\";s:15:\"navitemactivebg\";s:0:\"\";s:11:\"navactivebg\";s:0:\"\";s:14:\"navactivebgimg\";s:0:\"\";s:8:\"isActive\";b:0;s:13:\"no_meber_tags\";a:0:{}s:10:\"meber_tags\";a:0:{}s:8:\"tagsType\";s:1:\"2\";s:10:\"configType\";s:6:\"widget\";s:8:\"children\";a:1:{i:0;a:7:{s:4:\"name\";s:5:\"goods\";s:4:\"base\";a:10:{s:11:\"outerMargin\";a:4:{s:7:\"paddedt\";i:0;s:7:\"paddedb\";i:0;s:7:\"paddedl\";i:0;s:7:\"paddedr\";i:0;}s:12:\"innerPadding\";a:4:{s:7:\"paddedt\";i:32;s:7:\"paddedb\";i:32;s:7:\"paddedl\";i:32;s:7:\"paddedr\";i:32;}s:5:\"track\";s:0:\"\";s:8:\"dataType\";s:8:\"category\";s:9:\"dataCount\";i:4;s:11:\"goodsLayout\";s:3:\"two\";s:9:\"titleText\";a:3:{s:4:\"type\";s:4:\"text\";s:4:\"text\";s:0:\"\";s:5:\"image\";s:0:\"\";}s:10:\"titleColor\";s:7:\"#000000\";s:7:\"moreBtn\";a:2:{s:4:\"show\";b:0;s:5:\"color\";s:7:\"#000000\";}s:8:\"moreLink\";a:0:{}}s:4:\"data\";a:2:{s:2:\"id\";s:1:\"6\";s:4:\"info\";a:1:{s:5:\"title\";s:6:\"背包\";}}s:10:\"meber_tags\";a:0:{}s:13:\"no_meber_tags\";a:0:{}s:8:\"tagsType\";s:1:\"2\";s:7:\"wgtName\";s:6:\"商品\";}}}}}s:2:\"id\";s:1:\"3\";}',1,3),
(4,'yykweishop',1,'custom_1','page','v1.0.1','a:7:{s:2:\"id\";s:1:\"4\";s:4:\"name\";s:4:\"page\";s:4:\"base\";a:11:{s:23:\"navigateBackgroundColor\";s:4:\"#fff\";s:23:\"navigateBackgroundImage\";s:0:\"\";s:10:\"titleStyle\";s:1:\"1\";s:10:\"titleColor\";s:4:\"#000\";s:20:\"titleBackgroundImage\";s:0:\"\";s:16:\"showSearchButton\";b:1;s:17:\"searchButtonColor\";a:2:{s:7:\"bgColor\";s:7:\"#FF6B35\";s:9:\"textColor\";s:7:\"#FFFFFF\";}s:19:\"pageBackgroundColor\";s:7:\"#f5f5f5\";s:19:\"pageBackgroundImage\";s:0:\"\";s:11:\"isImmersive\";b:0;s:16:\"pTitleHotSetting\";a:2:{s:4:\"type\";s:7:\"hotzone\";s:7:\"hotzone\";a:2:{s:6:\"imgUrl\";s:0:\"\";s:4:\"data\";a:0:{}}}}s:4:\"tags\";a:3:{s:4:\"type\";s:1:\"2\";s:10:\"meber_tags\";a:0:{}s:13:\"no_meber_tags\";a:0:{}}s:8:\"tagsType\";s:1:\"2\";s:10:\"meber_tags\";a:0:{}s:13:\"no_meber_tags\";a:0:{}}',0,1),
(5,'yykweishop',1,'custom_1','imgHotzone','v1.0.1','a:10:{s:2:\"id\";s:1:\"5\";s:4:\"name\";s:10:\"imgHotzone\";s:4:\"base\";a:3:{s:9:\"animation\";s:10:\"horizontal\";s:9:\"imgHeight\";i:312;s:11:\"outerMargin\";a:4:{s:7:\"paddedt\";i:32;s:7:\"paddedb\";i:32;s:7:\"paddedl\";i:32;s:7:\"paddedr\";i:32;}}s:6:\"config\";a:3:{s:6:\"imgUrl\";s:168:\"https://shopex-onex-yundian-image.oss-cn-shanghai.aliyuncs.com/demo-ecshopx/image/152/2026/03/14/b3ad466132ec6ccd6c9a5ffe0cd317a81773468601172.个人中心菜单ALL.jpg\";s:8:\"imgWidth\";i:750;s:9:\"imgHeight\";i:570;}s:4:\"data\";a:10:{i:0;a:7:{s:9:\"heightPer\";d:0.2937;s:8:\"widthPer\";d:0.2181;s:7:\"leftPer\";d:0.0372;s:6:\"topPer\";d:0.0521;s:8:\"linkPage\";s:4:\"link\";s:5:\"title\";s:12:\"报名活动\";s:2:\"id\";s:14:\"registActivity\";}i:1;a:7:{s:9:\"heightPer\";d:0.2762;s:8:\"widthPer\";d:0.1862;s:7:\"leftPer\";d:0.2846;s:6:\"topPer\";d:0.0591;s:8:\"linkPage\";s:4:\"link\";s:5:\"title\";s:12:\"积分商城\";s:2:\"id\";s:9:\"pointShop\";}i:2;a:7:{s:9:\"heightPer\";d:0.2378;s:8:\"widthPer\";d:0.1702;s:7:\"leftPer\";d:0.5426;s:6:\"topPer\";d:0.0871;s:8:\"linkPage\";s:4:\"link\";s:5:\"title\";s:12:\"我的收藏\";s:2:\"id\";s:10:\"my_collect\";}i:3;a:7:{s:9:\"heightPer\";d:0.2448;s:8:\"widthPer\";d:0.1676;s:7:\"leftPer\";d:0.7979;s:6:\"topPer\";d:0.0976;s:8:\"linkPage\";s:4:\"link\";s:5:\"title\";s:6:\"客服\";s:2:\"id\";s:15:\"customerService\";}i:4;a:7:{s:9:\"heightPer\";d:0.2168;s:8:\"widthPer\";d:0.1755;s:7:\"leftPer\";d:0.0399;s:6:\"topPer\";d:0.3983;s:8:\"linkPage\";s:4:\"link\";s:5:\"title\";s:6:\"设置\";s:2:\"id\";s:8:\"settings\";}i:5;a:7:{s:9:\"heightPer\";d:0.2133;s:8:\"widthPer\";d:0.1782;s:7:\"leftPer\";d:0.2766;s:6:\"topPer\";d:0.4123;s:8:\"linkPage\";s:4:\"link\";s:5:\"title\";s:12:\"地址管理\";s:2:\"id\";s:7:\"address\";}i:6;a:7:{s:9:\"heightPer\";d:0.2552;s:8:\"widthPer\";d:0.1968;s:7:\"leftPer\";d:0.5346;s:6:\"topPer\";d:0.3878;s:8:\"linkPage\";s:4:\"link\";s:5:\"title\";s:12:\"限时团购\";s:2:\"id\";s:11:\"groups_list\";}i:7;a:7:{s:9:\"heightPer\";d:0.2276;s:8:\"widthPer\";d:0.1835;s:7:\"leftPer\";d:0.0426;s:6:\"topPer\";d:0.7479;s:8:\"linkPage\";s:4:\"link\";s:5:\"title\";s:12:\"自提订单\";s:2:\"id\";s:9:\"zitiOrder\";}i:8;a:7:{s:9:\"heightPer\";d:0.2378;s:8:\"widthPer\";d:0.1968;s:7:\"leftPer\";d:0.2819;s:6:\"topPer\";d:0.7479;s:8:\"linkPage\";s:4:\"link\";s:5:\"title\";s:12:\"种草列表\";s:2:\"id\";s:8:\"hottopic\";}i:9;a:7:{s:9:\"heightPer\";d:0.2517;s:8:\"widthPer\";d:0.1622;s:7:\"leftPer\";d:0.5478;s:6:\"topPer\";d:0.7374;s:8:\"linkPage\";s:4:\"link\";s:5:\"title\";s:12:\"会员开通\";s:2:\"id\";s:9:\"vipgrades\";}}s:5:\"track\";s:0:\"\";s:4:\"tags\";a:3:{s:4:\"type\";s:1:\"2\";s:10:\"meber_tags\";a:0:{}s:13:\"no_meber_tags\";a:0:{}}s:8:\"tagsType\";s:1:\"2\";s:10:\"meber_tags\";a:0:{}s:13:\"no_meber_tags\";a:0:{}}',0,3),
(6,'yykweishop',1,'custom_1','orderNavigation','v1.0.1','a:9:{s:4:\"name\";s:15:\"orderNavigation\";s:4:\"base\";a:4:{s:11:\"outerMargin\";a:4:{s:7:\"paddedt\";i:32;s:7:\"paddedb\";i:32;s:7:\"paddedl\";i:32;s:7:\"paddedr\";i:32;}s:5:\"title\";s:0:\"\";s:6:\"padded\";b:1;s:10:\"titleColor\";s:4:\"#000\";}s:4:\"data\";a:4:{i:0;a:2:{s:7:\"content\";s:15:\"cff31093.818d78\";s:6:\"imgUrl\";s:0:\"\";}i:1;a:2:{s:7:\"content\";s:15:\"cff31093.4933ca\";s:6:\"imgUrl\";s:0:\"\";}i:2;a:2:{s:7:\"content\";s:15:\"cff31093.a48b28\";s:6:\"imgUrl\";s:0:\"\";}i:3;a:2:{s:7:\"content\";s:15:\"cff31093.59bd68\";s:6:\"imgUrl\";s:0:\"\";}}s:5:\"track\";s:0:\"\";s:4:\"tags\";a:3:{s:4:\"type\";s:1:\"2\";s:10:\"meber_tags\";a:0:{}s:13:\"no_meber_tags\";a:0:{}}s:8:\"tagsType\";s:1:\"2\";s:10:\"meber_tags\";a:0:{}s:13:\"no_meber_tags\";a:0:{}s:2:\"id\";s:1:\"6\";}',0,2);