INSERT INTO `goods_items_rel_cats` (`item_id`, `category_id`, `company_id`, `created`, `updated`) VALUES
(1,6,1,1773754102,1773754102),
(2,6,1,1773754137,1773754137),
(3,5,1,1773754217,1773754217),
(4,5,1,1773754251,1773754251),
(5,4,1,1773754298,1773754298),
(6,4,1,1773754330,1773754330);

INSERT INTO `items` (`item_id`, `item_type`, `item_category`, `consume_type`, `item_name`, `item_bn`, `barcode`, `brief`, `company_id`, `price`, `cost_price`, `item_unit`, `special_type`, `item_address_province`, `item_address_city`, `regions_id`, `store`, `sales`, `rebate_conf`, `rebate`, `rebate_type`, `approve_status`, `audit_status`, `audit_reason`, `market_price`, `goods_function`, `goods_series`, `goods_color`, `goods_brand`, `is_default`, `default_item_id`, `goods_id`, `nospec`, `weight`, `sort`, `templates_id`, `pics`, `pics_create_qrcode`, `video_type`, `videos`, `video_pic_url`, `intro`, `purchase_agreement`, `is_show_specimg`, `enable_agreement`, `date_type`, `begin_date`, `end_date`, `fixed_term`, `brand_logo`, `is_point`, `point`, `distributor_id`, `volume`, `item_source`, `brand_id`, `tax_rate`, `crossborder_tax_rate`, `profit_type`, `origincountry_id`, `taxstrategy_id`, `taxation_num`, `profit_fee`, `type`, `is_profit`, `created`, `updated`, `is_gift`, `is_package`, `tdk_content`, `is_epidemic`, `regions`, `supplier_id`, `is_market`, `goods_bn`, `supplier_goods_bn`, `audit_date`, `is_medicine`, `is_prescription`, `supplier_item_id`, `start_num`, `delivery_time`, `is_taobao`) VALUES
(1,'normal','3','every','黑色迷你手提包','KC26031700000030','','',1,300000,0,'','normal','','','',1,NULL,NULL,0,'default','onsale','approved',NULL,0,NULL,NULL,NULL,NULL,1,1,1,'true',0,1,1,'[\"https://shopex-onex-yundian-image.oss-cn-shanghai.aliyuncs.com/demo-ecshopx/image/156/2026/03/17/8c24eb6e3998e4fc486b0dc4aca72a751773754074420.迷你小包海报款---prd.jpg\"]','[false]','local','',NULL,'','',0,0,'',0,0,0,NULL,NULL,0,0,NULL,'mall',1,0,'',0,0,0,0,0,0,0,1773754102,1773754102,0,0,'{\"title\":\"\",\"mate_description\":\"\",\"mate_keywords\":\"\"}',0,'',0,0,'PC26031700000024',NULL,1773754102,0,0,0,0,0,0),
(2,'normal','3','every','头层牛皮手提包','KC26031700000031','','',1,300000,0,'','normal','','','',1,NULL,NULL,0,'default','onsale','approved',NULL,0,NULL,NULL,NULL,NULL,1,2,2,'true',0,1,1,'[\"https://shopex-onex-yundian-image.oss-cn-shanghai.aliyuncs.com/demo-ecshopx/image/156/2026/03/17/8c24eb6e3998e4fc486b0dc4aca72a751773754074417.精致手提小包---prd.jpg\"]','[false]','local','',NULL,'','',0,0,'',0,0,0,NULL,NULL,0,0,NULL,'mall',1,0,'',0,0,0,0,0,0,0,1773754136,1773754137,0,0,'{\"title\":\"\",\"mate_description\":\"\",\"mate_keywords\":\"\"}',0,'',0,0,'PC26031700000025',NULL,1773754136,0,0,0,0,0,0),
(3,'normal','3','every','黑色托特手提包','KC26031700000032','','',1,300000,0,'','normal','','','',1,NULL,NULL,0,'default','onsale','approved',NULL,0,NULL,NULL,NULL,NULL,1,3,3,'false',0,1,1,'[\"https://shopex-onex-yundian-image.oss-cn-shanghai.aliyuncs.com/demo-ecshopx/image/156/2026/03/17/b13080e9fc2763d6b144aa51b11e71121773754179934.托特包黑色--prd.jpg\"]','[false]','local','',NULL,'','',0,0,'',0,0,0,NULL,NULL,0,0,NULL,'mall',1,0,'',0,0,0,0,0,0,0,1773754217,1773754217,0,0,'{\"title\":\"\",\"mate_description\":\"\",\"mate_keywords\":\"\"}',0,'',0,0,'PC26031700000026',NULL,1773754217,0,0,0,0,0,0),
(4,'normal','3','every','棕色手提包','KC26031700000033','','',1,300000,0,'','normal','','','',1,NULL,NULL,0,'default','onsale','approved',NULL,0,NULL,NULL,NULL,NULL,1,4,4,'true',0,1,1,'[\"https://shopex-onex-yundian-image.oss-cn-shanghai.aliyuncs.com/demo-ecshopx/image/156/2026/03/17/b13080e9fc2763d6b144aa51b11e71121773754179926.经典包海报款---prd.jpg\"]','[false]','local','',NULL,'','',0,0,'',0,0,0,NULL,NULL,0,0,NULL,'mall',1,0,'',0,0,0,0,0,0,0,1773754251,1773754251,0,0,'{\"title\":\"\",\"mate_description\":\"\",\"mate_keywords\":\"\"}',0,'',0,0,'PC26031700000027',NULL,1773754251,0,0,0,0,0,0),
(5,'normal','3','every','链条单肩包绿色','KC26031700000034','','',1,50000,0,'','normal','','','',1,NULL,NULL,0,'default','onsale','approved',NULL,0,NULL,NULL,NULL,NULL,1,5,5,'true',0,1,1,'[\"https://shopex-onex-yundian-image.oss-cn-shanghai.aliyuncs.com/demo-ecshopx/image/156/2026/03/17/3854221e8eb4c05b56fec727327580dd1773754280525.单肩包绿色----prd.jpg\"]','[false]','local','',NULL,'','',0,0,'',0,0,0,NULL,NULL,0,0,NULL,'mall',1,0,'',0,0,0,0,0,0,0,1773754298,1773754298,0,0,'{\"title\":\"\",\"mate_description\":\"\",\"mate_keywords\":\"\"}',0,'',0,0,'PC26031700000028',NULL,1773754298,0,0,0,0,0,0),
(6,'normal','3','every','浅棕色单肩包','KC26031700000035','','',1,50000,0,'','normal','','','',1,NULL,NULL,0,'default','onsale','approved',NULL,0,NULL,NULL,NULL,NULL,1,6,6,'true',0,1,1,'[\"https://shopex-onex-yundian-image.oss-cn-shanghai.aliyuncs.com/demo-ecshopx/image/156/2026/03/17/7c6521a2fc8302150b9d3e69bf70c1481773754280522.单肩包卡其色---prd.jpg\"]','[false]','local','',NULL,'','',0,0,'',0,0,0,NULL,NULL,0,0,NULL,'mall',1,0,'',0,0,0,0,0,0,0,1773754330,1773754330,0,0,'{\"title\":\"\",\"mate_description\":\"\",\"mate_keywords\":\"\"}',0,'',0,0,'PC26031700000029',NULL,1773754330,0,0,0,0,0,0);

INSERT INTO `items_attribute_values` (`attribute_value_id`, `attribute_id`, `company_id`, `shop_id`, `attribuattribute_valuete_name`, `sort`, `image_url`, `created`, `updated`, `oms_value_id`) VALUES
(1,2,1,0,'黑色','0','',1773753961,1773753961,NULL),
(2,2,1,0,'蓝色','1','',1773753961,1773753961,NULL),
(3,2,1,0,'白色','2','',1773753961,1773753961,NULL);

INSERT INTO `items_attributes` (`attribute_id`, `company_id`, `shop_id`, `attribute_type`, `attribute_name`, `attribute_memo`, `attribute_sort`, `distributor_id`, `is_show`, `is_image`, `image_url`, `created`, `updated`, `attribute_code`, `attribute_show`) VALUES
(1,1,0,'brand','品牌','','1',0,'true','true','',1773753966,1773753966,NULL,'select'),
(2,1,0,'item_spec','颜色','','1',0,'true','','',1773753961,1773753961,NULL,'select');

INSERT INTO `items_category` (`category_id`, `company_id`, `category_name`, `category_code`, `parent_id`, `category_level`, `is_main_category`, `path`, `distributor_id`, `sort`, `goods_params`, `goods_spec`, `image_url`, `crossborder_tax_rate`, `created`, `updated`, `customize_page_id`, `commission_ratio`, `category_id_taobao`, `parent_id_taobao`, `taobao_category_info`, `invoice_tax_rate_id`, `invoice_tax_rate`, `regionauth_id`, `is_show_front`) VALUES
(1,1,'包袋',NULL,0,1,1,'1',0,0,NULL,NULL,'',NULL,1773753927,1773753927,0,0,0,0,NULL,NULL,NULL,0,1),
(2,1,'品类',NULL,1,2,1,'1,2',0,0,NULL,NULL,'',NULL,1773753935,1773753935,0,0,0,0,NULL,NULL,NULL,0,1),
(3,1,'系列',NULL,2,3,1,'1,2,3',0,0,NULL,'[\"2\"]','',NULL,1773753940,1773754150,0,0,0,0,NULL,NULL,NULL,0,1),
(4,1,'单肩包',NULL,0,1,0,'4',0,0,NULL,NULL,'',NULL,1773753977,1773753977,0,0,0,0,NULL,NULL,NULL,0,1),
(5,1,'托特包',NULL,0,1,0,'5',0,0,NULL,NULL,'',NULL,1773753983,1773753983,0,0,0,0,NULL,NULL,NULL,0,1),
(6,1,'迷你包',NULL,0,1,0,'6',0,0,NULL,NULL,'',NULL,1773753987,1773753987,0,0,0,0,NULL,NULL,NULL,0,1);

INSERT INTO `items_rel_attributes` (`id`, `company_id`, `item_id`, `attribute_sort`, `attribute_id`, `attribute_type`, `attribute_value_id`, `custom_attribute_value`, `image_url`) VALUES
(1,1,1,NULL,1,'brand',NULL,NULL,NULL),
(2,1,2,NULL,1,'brand',NULL,NULL,NULL),
(3,1,3,0,2,'item_spec',1,NULL,NULL),
(4,1,3,NULL,1,'brand',NULL,NULL,NULL),
(5,1,4,NULL,1,'brand',NULL,NULL,NULL),
(6,1,5,NULL,1,'brand',NULL,NULL,NULL),
(7,1,6,NULL,1,'brand',NULL,NULL,NULL);

INSERT INTO `pages_template` (`pages_template_id`, `company_id`, `distributor_id`, `template_title`, `template_name`, `template_pic`, `template_type`, `element_edit_status`, `status`, `timer_status`, `timer_time`, `template_status_modify_time`, `weapp_pages`, `template_content`, `created_at`, `updated_at`, `deleted_at`, `lang`, `regionauth_id`) VALUES
(1,1,0,'包袋','yykweishop','https://shopex-onex-yundian-image.oss-cn-shanghai.aliyuncs.com/demo-ecshopx/image/156/2026/03/17/9e7e7ae4dce5f425cc38d1930a4941db1773754432750.b2c--logo.JPG',0,2,1,2,NULL,1773754440,'index','{\"content\":[{\"name\":\"page\",\"base\":{\"navigateBackgroundColor\":\"#fff\",\"navigateBackgroundImage\":\"\",\"titleStyle\":\"1\",\"titleColor\":\"#000\",\"titleBackgroundImage\":\"\",\"showSearchButton\":true,\"searchButtonColor\":{\"bgColor\":\"#FF6B35\",\"textColor\":\"#FFFFFF\"},\"pageBackgroundColor\":\"#f5f5f5\",\"pageBackgroundImage\":\"\",\"isImmersive\":false,\"immersiveScrollBgColor\":\"#ffffff\",\"pTitleHotSetting\":{\"type\":\"hotzone\",\"hotzone\":{\"imgUrl\":\"\",\"data\":[]}}},\"id\":\"1\"},{\"name\":\"slider\",\"base\":{\"outerMargin\":{\"paddedt\":0,\"paddedb\":0,\"paddedl\":0,\"paddedr\":0}},\"config\":{\"interval\":3000,\"dot\":true,\"dotLocation\":\"right\",\"dotColor\":\"dark\",\"shape\":\"circle\",\"dotCover\":false,\"rounded\":false,\"autoplay\":true,\"firstScreenWidth\":375,\"firstScreenHeight\":24},\"data\":[{\"imgUrl\":\"https://shopex-onex-yundian-image.oss-cn-shanghai.aliyuncs.com/demo-ecshopx/image/156/2026/03/17/ac631951cafe7b877690257a7bfc729c1773754501250.u5305u888b.png\",\"videoUrl\":\"\",\"media_type\":\"img\",\"hotData\":[],\"autoplay\":false,\"interact\":\"reset\",\"overlay\":\"\",\"overlayWidth\":100,\"overlaybuttom\":0,\"overlayLeft\":0,\"overlayHotData\":[]}],\"track\":\"\",\"tags\":{\"type\":\"2\",\"meber_tags\":[],\"no_meber_tags\":[]},\"tagsType\":\"2\",\"meber_tags\":[],\"no_meber_tags\":[],\"id\":\"2\"},{\"name\":\"goods\",\"base\":{\"outerMargin\":{\"paddedt\":0,\"paddedb\":0,\"paddedl\":0,\"paddedr\":0},\"innerPadding\":{\"paddedt\":32,\"paddedb\":32,\"paddedl\":32,\"paddedr\":32},\"track\":\"\",\"dataType\":\"items\",\"dataCount\":9,\"goodsLayout\":\"one\",\"titleText\":{\"type\":\"text\",\"text\":\"u65b0u54c1u63a8u8350\",\"image\":\"\"},\"titleColor\":\"#000000\",\"moreBtn\":{\"show\":true,\"color\":\"#000000\"},\"moreLink\":[]},\"data\":{\"id\":\"6,5,4,3,2,1\",\"info\":{\"length\":6,\"type\":\"group_id\"}},\"meber_tags\":[],\"no_meber_tags\":[],\"tagsType\":\"2\",\"id\":\"3\"}]}','2026-03-17 21:34:00','2026-03-17 21:36:01',NULL,NULL,0);

INSERT INTO `pages_template_set` (`id`, `company_id`, `index_type`, `is_enforce_sync`, `is_open_recommend`, `is_open_wechatapp_location`, `is_open_scan_qrcode`, `is_open_official_account`, `tab_bar`, `created_at`, `updated_at`, `pages_template_id`, `regionauth_id`) VALUES
(1,1,1,1,2,1,2,2,'{\"name\":\"tabs\",\"config\":{\"backgroundColor\":\"#ffffff\",\"color\":\"#646262\",\"selectedColor\":\"#111112\"},\"data\":[{\"pagePath\":\"/pages/index\",\"text\":\"首页\",\"name\":\"home\",\"iconPath\":\"https://shopex-onex-yundian-image.oss-cn-shanghai.aliyuncs.com/demo-ecshopx/image/156/2026/03/17/f9e0632ccb54fc42b4045ff9f763fe131773754378387.首页1.png\",\"selectedIconPath\":\"https://shopex-onex-yundian-image.oss-cn-shanghai.aliyuncs.com/demo-ecshopx/image/156/2026/03/17/f9e0632ccb54fc42b4045ff9f763fe131773754378386.截屏2026-01-17 13.00.39_副本.png\"},{\"pagePath\":\"/pages/category/index\",\"text\":\"分类\",\"name\":\"category\",\"iconPath\":\"https://shopex-onex-yundian-image.oss-cn-shanghai.aliyuncs.com/demo-ecshopx/image/156/2026/03/17/f9e0632ccb54fc42b4045ff9f763fe131773754378382.分类1.png\",\"selectedIconPath\":\"https://shopex-onex-yundian-image.oss-cn-shanghai.aliyuncs.com/demo-ecshopx/image/156/2026/03/17/b4e5c61803f4766bc83d01d3d8ee677b1773754378378.分类.png\"},{\"pagePath\":\"/pages/cart/espier-index\",\"text\":\"购物车\",\"name\":\"cart\",\"iconPath\":\"https://shopex-onex-yundian-image.oss-cn-shanghai.aliyuncs.com/demo-ecshopx/image/156/2026/03/17/b4e5c61803f4766bc83d01d3d8ee677b1773754378385.购物车1.png\",\"selectedIconPath\":\"https://shopex-onex-yundian-image.oss-cn-shanghai.aliyuncs.com/demo-ecshopx/image/156/2026/03/17/f9e0632ccb54fc42b4045ff9f763fe131773754378384.购物车.png\"},{\"pagePath\":\"/pages/member/index\",\"text\":\"我的\",\"name\":\"member\",\"iconPath\":\"https://shopex-onex-yundian-image.oss-cn-shanghai.aliyuncs.com/demo-ecshopx/image/156/2026/03/17/b4e5c61803f4766bc83d01d3d8ee677b1773754378392.我的1.png\",\"selectedIconPath\":\"https://shopex-onex-yundian-image.oss-cn-shanghai.aliyuncs.com/demo-ecshopx/image/156/2026/03/17/b4e5c61803f4766bc83d01d3d8ee677b1773754378389.我的.png\"}]}','2026-03-17 21:32:15','2026-03-17 21:33:39',0,0);

INSERT INTO `shipping_templates` (`template_id`, `company_id`, `name`, `is_free`, `distributor_id`, `valuation`, `protect`, `protect_rate`, `minprice`, `status`, `fee_conf`, `nopost_conf`, `free_conf`, `create_time`, `update_time`, `supplier_id`) VALUES
(1,1,'按件数','0',0,'2',NULL,NULL,NULL,1,'[{\"add_fee\":\"0\",\"add_standard\":\"1\",\"start_fee\":\"1\",\"start_standard\":\"1\"}]','[]','[{\"freetype\":\"1\",\"upquantity\":\"\",\"upmoney\":\"\"}]',1773754013,1773754013,0);

INSERT INTO `wechat_weapp_setting` (`id`, `template_name`, `company_id`, `page_name`, `name`, `version`, `params`, `pages_template_id`, `sort_by`) VALUES
(1,'yykweishop',1,'index','page','v1.0.2','a:3:{s:4:\"name\";s:4:\"page\";s:4:\"base\";a:12:{s:23:\"navigateBackgroundColor\";s:4:\"#fff\";s:23:\"navigateBackgroundImage\";s:0:\"\";s:10:\"titleStyle\";s:1:\"1\";s:10:\"titleColor\";s:4:\"#000\";s:20:\"titleBackgroundImage\";s:0:\"\";s:16:\"showSearchButton\";b:1;s:17:\"searchButtonColor\";a:2:{s:7:\"bgColor\";s:7:\"#FF6B35\";s:9:\"textColor\";s:7:\"#FFFFFF\";}s:19:\"pageBackgroundColor\";s:7:\"#f5f5f5\";s:19:\"pageBackgroundImage\";s:0:\"\";s:11:\"isImmersive\";b:0;s:22:\"immersiveScrollBgColor\";s:7:\"#ffffff\";s:16:\"pTitleHotSetting\";a:2:{s:4:\"type\";s:7:\"hotzone\";s:7:\"hotzone\";a:2:{s:6:\"imgUrl\";s:0:\"\";s:4:\"data\";a:0:{}}}}s:2:\"id\";s:1:\"1\";}',1,1),
(2,'yykweishop',1,'index','slider','v1.0.2','a:10:{s:4:\"name\";s:6:\"slider\";s:4:\"base\";a:1:{s:11:\"outerMargin\";a:4:{s:7:\"paddedt\";i:0;s:7:\"paddedb\";i:0;s:7:\"paddedl\";i:0;s:7:\"paddedr\";i:0;}}s:6:\"config\";a:10:{s:8:\"interval\";i:3000;s:3:\"dot\";b:1;s:11:\"dotLocation\";s:5:\"right\";s:8:\"dotColor\";s:4:\"dark\";s:5:\"shape\";s:6:\"circle\";s:8:\"dotCover\";b:0;s:7:\"rounded\";b:0;s:8:\"autoplay\";b:1;s:16:\"firstScreenWidth\";i:375;s:17:\"firstScreenHeight\";i:24;}s:4:\"data\";a:1:{i:0;a:11:{s:6:\"imgUrl\";s:153:\"https://shopex-onex-yundian-image.oss-cn-shanghai.aliyuncs.com/demo-ecshopx/image/156/2026/03/17/ac631951cafe7b877690257a7bfc729c1773754501250.包袋.png\";s:8:\"videoUrl\";s:0:\"\";s:10:\"media_type\";s:3:\"img\";s:7:\"hotData\";a:0:{}s:8:\"autoplay\";b:0;s:8:\"interact\";s:5:\"reset\";s:7:\"overlay\";s:0:\"\";s:12:\"overlayWidth\";i:100;s:13:\"overlaybuttom\";i:0;s:11:\"overlayLeft\";i:0;s:14:\"overlayHotData\";a:0:{}}}s:5:\"track\";s:0:\"\";s:4:\"tags\";a:3:{s:4:\"type\";s:1:\"2\";s:10:\"meber_tags\";a:0:{}s:13:\"no_meber_tags\";a:0:{}}s:8:\"tagsType\";s:1:\"2\";s:10:\"meber_tags\";a:0:{}s:13:\"no_meber_tags\";a:0:{}s:2:\"id\";s:1:\"2\";}',1,2),
(3,'yykweishop',1,'index','goods','v1.0.2','a:7:{s:4:\"name\";s:5:\"goods\";s:4:\"base\";a:10:{s:11:\"outerMargin\";a:4:{s:7:\"paddedt\";i:0;s:7:\"paddedb\";i:0;s:7:\"paddedl\";i:0;s:7:\"paddedr\";i:0;}s:12:\"innerPadding\";a:4:{s:7:\"paddedt\";i:32;s:7:\"paddedb\";i:32;s:7:\"paddedl\";i:32;s:7:\"paddedr\";i:32;}s:5:\"track\";s:0:\"\";s:8:\"dataType\";s:5:\"items\";s:9:\"dataCount\";i:9;s:11:\"goodsLayout\";s:3:\"one\";s:9:\"titleText\";a:3:{s:4:\"type\";s:4:\"text\";s:4:\"text\";s:12:\"新品推荐\";s:5:\"image\";s:0:\"\";}s:10:\"titleColor\";s:7:\"#000000\";s:7:\"moreBtn\";a:2:{s:4:\"show\";b:1;s:5:\"color\";s:7:\"#000000\";}s:8:\"moreLink\";a:0:{}}s:4:\"data\";a:2:{s:2:\"id\";s:11:\"6,5,4,3,2,1\";s:4:\"info\";a:2:{s:6:\"length\";i:6;s:4:\"type\";s:8:\"group_id\";}}s:10:\"meber_tags\";a:0:{}s:13:\"no_meber_tags\";a:0:{}s:8:\"tagsType\";s:1:\"2\";s:2:\"id\";s:1:\"3\";}',1,3);

