INSERT INTO `goods_items_rel_cats` (`item_id`, `category_id`, `company_id`, `created`, `updated`) VALUES
(1,5,1,1773753357,1773753357),
(2,5,1,1773753411,1773753411),
(3,6,1,1773753462,1773753462),
(4,6,1,1773753487,1773753487),
(5,7,1,1773753542,1773753542),
(6,6,1,1773753566,1773753566);

INSERT INTO `items` (`item_id`, `item_type`, `item_category`, `consume_type`, `item_name`, `item_bn`, `barcode`, `brief`, `company_id`, `price`, `cost_price`, `item_unit`, `special_type`, `item_address_province`, `item_address_city`, `regions_id`, `store`, `sales`, `rebate_conf`, `rebate`, `rebate_type`, `approve_status`, `audit_status`, `audit_reason`, `market_price`, `goods_function`, `goods_series`, `goods_color`, `goods_brand`, `is_default`, `default_item_id`, `goods_id`, `nospec`, `weight`, `sort`, `templates_id`, `pics`, `pics_create_qrcode`, `video_type`, `videos`, `video_pic_url`, `intro`, `purchase_agreement`, `is_show_specimg`, `enable_agreement`, `date_type`, `begin_date`, `end_date`, `fixed_term`, `brand_logo`, `is_point`, `point`, `distributor_id`, `volume`, `item_source`, `brand_id`, `tax_rate`, `crossborder_tax_rate`, `profit_type`, `origincountry_id`, `taxstrategy_id`, `taxation_num`, `profit_fee`, `type`, `is_profit`, `created`, `updated`, `is_gift`, `is_package`, `tdk_content`, `is_epidemic`, `regions`, `supplier_id`, `is_market`, `goods_bn`, `supplier_goods_bn`, `audit_date`, `is_medicine`, `is_prescription`, `supplier_item_id`, `start_num`, `delivery_time`, `is_taobao`) VALUES
(1,'normal','3','every','银色香氛','KC26031700000024','','',1,360000,0,'','normal','','','',1,NULL,NULL,0,'default','onsale','approved',NULL,0,NULL,NULL,NULL,NULL,1,1,1,'true',0,1,1,'[\"https://shopex-onex-yundian-image.oss-cn-shanghai.aliyuncs.com/demo-ecshopx/image/151/2026/03/17/6a6f6a5a3fa0455dfc86e689e025fd9a1773753266530.香水---prd.jpg\"]','[false]','local','',NULL,'','',0,0,'',0,0,0,NULL,NULL,0,0,NULL,'mall',1,0,'',0,0,0,0,0,0,0,1773753357,1773753357,0,0,'{\"title\":\"\",\"mate_description\":\"\",\"mate_keywords\":\"\"}',0,'',0,0,'PC26031700000018',NULL,1773753357,0,0,0,0,0,0),
(2,'normal','3','every','蓝色立体香氛','KC26031700000025','','',1,320000,0,'','normal','','','',1,NULL,NULL,0,'default','onsale','approved',NULL,0,NULL,NULL,NULL,NULL,1,2,2,'true',0,1,1,'[\"https://shopex-onex-yundian-image.oss-cn-shanghai.aliyuncs.com/demo-ecshopx/image/151/2026/03/17/4e0661da5cc947131ebd8bcf382ce2a21773753377240.香水2.png\"]','[false]','local','',NULL,'','',0,0,'',0,0,0,NULL,NULL,0,0,NULL,'mall',1,0,'',0,0,0,0,0,0,0,1773753411,1773753411,0,0,'{\"title\":\"\",\"mate_description\":\"\",\"mate_keywords\":\"\"}',0,'',0,0,'PC26031700000019',NULL,1773753411,0,0,0,0,0,0),
(3,'normal','4','every','眼线笔','KC26031700000026','','',1,9900,0,'','normal','','','',1,NULL,NULL,0,'default','onsale','approved',NULL,0,NULL,NULL,NULL,NULL,1,3,3,'true',0,1,1,'[\"https://shopex-onex-yundian-image.oss-cn-shanghai.aliyuncs.com/demo-ecshopx/image/151/2026/03/17/82183fd4090b61a7f71838a8cde91b921773753444146.眼线笔---prd.jpg\"]','[false]','local','',NULL,'','',0,0,'',0,0,0,NULL,NULL,0,0,NULL,'mall',1,0,'',0,0,0,0,0,0,0,1773753462,1773753462,0,0,'{\"title\":\"\",\"mate_description\":\"\",\"mate_keywords\":\"\"}',0,'',0,0,'PC26031700000020',NULL,1773753461,0,0,0,0,0,0),
(4,'normal','4','every','睫毛刷','KC26031700000027','','',1,19900,0,'','normal','','','',1,NULL,NULL,0,'default','onsale','approved',NULL,0,NULL,NULL,NULL,NULL,1,4,4,'true',0,1,1,'[\"https://shopex-onex-yundian-image.oss-cn-shanghai.aliyuncs.com/demo-ecshopx/image/151/2026/03/17/859fe4d50b38cea103f4eb319cf6bd131773753444142.睫毛刷---prd.jpg\"]','[false]','local','',NULL,'','',0,0,'',0,0,0,NULL,NULL,0,0,NULL,'mall',1,0,'',0,0,0,0,0,0,0,1773753487,1773753487,0,0,'{\"title\":\"\",\"mate_description\":\"\",\"mate_keywords\":\"\"}',0,'',0,0,'PC26031700000021',NULL,1773753487,0,0,0,0,0,0),
(5,'normal','4','every','口红银色','KC26031700000028','','',1,39900,0,'','normal','','','',1,NULL,NULL,0,'default','onsale','approved',NULL,0,NULL,NULL,NULL,NULL,1,5,5,'true',0,1,1,'[\"https://shopex-onex-yundian-image.oss-cn-shanghai.aliyuncs.com/demo-ecshopx/image/151/2026/03/17/1687a6821d560cd4e610bd765a37871a1773753520360.口红 --prd.jpg\"]','[false]','local','',NULL,'','',0,0,'',0,0,0,NULL,NULL,0,0,NULL,'mall',1,0,'',0,0,0,0,0,0,0,1773753542,1773753542,0,0,'{\"title\":\"\",\"mate_description\":\"\",\"mate_keywords\":\"\"}',0,'',0,0,'PC26031700000022',NULL,1773753542,0,0,0,0,0,0),
(6,'normal','4','every','口红黑色','KC26031700000029','','',1,39900,0,'','normal','','','',1,NULL,NULL,0,'default','onsale','approved',NULL,0,NULL,NULL,NULL,NULL,1,6,6,'true',0,1,1,'[\"https://shopex-onex-yundian-image.oss-cn-shanghai.aliyuncs.com/demo-ecshopx/image/151/2026/03/17/1687a6821d560cd4e610bd765a37871a1773753520363.口红--prd2.jpg\"]','[false]','local','',NULL,'','',0,0,'',0,0,0,NULL,NULL,0,0,NULL,'mall',1,0,'',0,0,0,0,0,0,0,1773753566,1773753566,0,0,'{\"title\":\"\",\"mate_description\":\"\",\"mate_keywords\":\"\"}',0,'',0,0,'PC26031700000023',NULL,1773753566,0,0,0,0,0,0);

INSERT INTO `items_attribute_values` (`attribute_value_id`, `attribute_id`, `company_id`, `shop_id`, `attribuattribute_valuete_name`, `sort`, `image_url`, `created`, `updated`, `oms_value_id`) VALUES
(1,2,1,0,'1#','0','',1773469614,1773469614,NULL),
(2,2,1,0,'2#','1','',1773469614,1773469614,NULL),
(3,2,1,0,'3#','2','',1773469614,1773469614,NULL),
(4,2,1,0,'4#','3','',1773469614,1773469614,NULL);

INSERT INTO `items_attributes` (`attribute_id`, `company_id`, `shop_id`, `attribute_type`, `attribute_name`, `attribute_memo`, `attribute_sort`, `distributor_id`, `is_show`, `is_image`, `image_url`, `created`, `updated`, `attribute_code`, `attribute_show`) VALUES
(1,1,0,'brand','品牌','','1',0,'true','true','',1773469620,1773469620,NULL,'select'),
(2,1,0,'item_spec','色号','','1',0,'true','','',1773469614,1773469614,NULL,'select');

INSERT INTO `items_category` (`category_id`, `company_id`, `category_name`, `category_code`, `parent_id`, `category_level`, `is_main_category`, `path`, `distributor_id`, `sort`, `goods_params`, `goods_spec`, `image_url`, `crossborder_tax_rate`, `created`, `updated`, `customize_page_id`, `commission_ratio`, `category_id_taobao`, `parent_id_taobao`, `taobao_category_info`, `invoice_tax_rate_id`, `invoice_tax_rate`, `regionauth_id`, `is_show_front`) VALUES
(1,1,'护肤彩妆',NULL,0,1,1,'1',0,0,NULL,NULL,'',NULL,1773469631,1773469631,0,0,0,0,NULL,NULL,NULL,0,1),
(2,1,'品类',NULL,1,2,1,'1,2',0,0,NULL,NULL,'',NULL,1773469643,1773469643,0,0,0,0,NULL,NULL,NULL,0,1),
(3,1,'香氛',NULL,2,3,1,'1,2,3',0,0,NULL,NULL,'',NULL,1773469648,1773753305,0,0,0,0,NULL,NULL,NULL,0,1),
(4,1,'彩妆',NULL,2,3,1,'1,2,4',0,0,NULL,'[\"2\"]','',NULL,1773469654,1773469660,0,0,0,0,NULL,NULL,NULL,0,1),
(5,1,'香氛',NULL,0,1,0,'5',0,0,NULL,NULL,'',NULL,1773469678,1773753319,0,0,0,0,NULL,NULL,NULL,0,1),
(6,1,'眼部彩妆',NULL,0,1,0,'6',0,0,NULL,NULL,'',NULL,1773469684,1773469693,0,0,0,0,NULL,NULL,NULL,0,1),
(7,1,'唇部彩妆',NULL,0,1,0,'7',0,0,NULL,NULL,'',NULL,1773469690,1773469692,0,0,0,0,NULL,NULL,NULL,0,1);

INSERT INTO `items_rel_attributes` (`id`, `company_id`, `item_id`, `attribute_sort`, `attribute_id`, `attribute_type`, `attribute_value_id`, `custom_attribute_value`, `image_url`) VALUES
(1,1,1,NULL,1,'brand',NULL,NULL,NULL),
(2,1,2,NULL,1,'brand',NULL,NULL,NULL),
(3,1,3,NULL,1,'brand',NULL,NULL,NULL),
(4,1,4,NULL,1,'brand',NULL,NULL,NULL),
(5,1,5,NULL,1,'brand',NULL,NULL,NULL),
(6,1,6,NULL,1,'brand',NULL,NULL,NULL);

INSERT INTO `pages_template` (`pages_template_id`, `company_id`, `distributor_id`, `template_title`, `template_name`, `template_pic`, `template_type`, `element_edit_status`, `status`, `timer_status`, `timer_time`, `template_status_modify_time`, `weapp_pages`, `template_content`, `created_at`, `updated_at`, `deleted_at`, `lang`, `regionauth_id`) VALUES
(1,1,0,'美妆','yykweishop','https://shopex-onex-yundian-image.oss-cn-shanghai.aliyuncs.com/demo-ecshopx/image/151/2026/03/14/249cebc9f87d9e8482a85eeeb48dfa991773468016148.b2c--logo.JPG',0,2,1,2,NULL,1773468026,'index','{\"content\":[{\"id\":\"1\",\"name\":\"page\",\"base\":{\"navigateBackgroundColor\":\"#fff\",\"navigateBackgroundImage\":\"\",\"titleStyle\":\"3\",\"titleColor\":\"#000\",\"titleBackgroundImage\":\"\",\"showSearchButton\":true,\"searchButtonColor\":{\"bgColor\":\"#242322\",\"textColor\":\"#FFFFFF\"},\"pageBackgroundColor\":\"#f5f5f5\",\"pageBackgroundImage\":\"\",\"isImmersive\":false,\"immersiveScrollBgColor\":\"#ffffff\",\"pTitleHotSetting\":{\"type\":\"none\",\"hotzone\":{\"imgUrl\":\"\",\"data\":[]}}},\"tags\":{\"type\":\"2\",\"meber_tags\":[],\"no_meber_tags\":[]},\"tagsType\":\"2\",\"meber_tags\":[],\"no_meber_tags\":[]},{\"id\":\"2\",\"name\":\"imgHotzone\",\"base\":{\"animation\":\"horizontal\",\"imgHeight\":312,\"outerMargin\":{\"paddedt\":0,\"paddedb\":0,\"paddedl\":0,\"paddedr\":0}},\"config\":{\"imgUrl\":\"https://shopex-onex-yundian-image.oss-cn-shanghai.aliyuncs.com/demo-ecshopx/image/151/2026/03/14/24c340eecd3f552aaf58c72149c658eb1773468341057.u622au5c4f2026-01-18 17.46.16.png\",\"imgWidth\":750,\"imgHeight\":1156},\"data\":[],\"track\":\"\",\"tags\":{\"type\":\"2\",\"meber_tags\":[],\"no_meber_tags\":[]},\"tagsType\":\"2\",\"meber_tags\":[],\"no_meber_tags\":[]},{\"name\":\"goods\",\"base\":{\"outerMargin\":{\"paddedt\":0,\"paddedb\":0,\"paddedl\":0,\"paddedr\":0},\"innerPadding\":{\"paddedt\":32,\"paddedb\":32,\"paddedl\":32,\"paddedr\":32},\"track\":\"\",\"dataType\":\"items\",\"dataCount\":4,\"goodsLayout\":\"one\",\"titleText\":{\"type\":\"text\",\"text\":\"u65b0u54c1u63a8u8350\",\"image\":\"\"},\"titleColor\":\"#000000\",\"moreBtn\":{\"show\":true,\"color\":\"#000000\"},\"moreLink\":[]},\"data\":{\"id\":\"6,5,4,3,2,1\",\"info\":{\"length\":6,\"type\":\"group_id\"}},\"meber_tags\":[],\"no_meber_tags\":[],\"tagsType\":\"2\",\"id\":\"3\"}]}','2026-03-14 14:00:26','2026-03-17 21:20:46',NULL,NULL,0);

INSERT INTO `pages_template_set` (`id`, `company_id`, `index_type`, `is_enforce_sync`, `is_open_recommend`, `is_open_wechatapp_location`, `is_open_scan_qrcode`, `is_open_official_account`, `tab_bar`, `created_at`, `updated_at`, `pages_template_id`, `regionauth_id`) VALUES
(1,1,1,1,2,1,2,2,'{\"name\":\"tabs\",\"config\":{\"backgroundColor\":\"#ffffff\",\"color\":\"#938C8C\",\"selectedColor\":\"#100F10\"},\"data\":[{\"pagePath\":\"/pages/index\",\"text\":\"首页\",\"name\":\"home\",\"iconPath\":\"https://shopex-onex-yundian-image.oss-cn-shanghai.aliyuncs.com/demo-ecshopx/image/151/2026/03/14/b850d2471c01a10156dc069baf003a131773468090966.首页1.png\",\"selectedIconPath\":\"https://shopex-onex-yundian-image.oss-cn-shanghai.aliyuncs.com/demo-ecshopx/image/151/2026/03/14/b850d2471c01a10156dc069baf003a131773468090963.截屏2026-01-17 13.00.39_副本.png\"},{\"pagePath\":\"/pages/category/index\",\"text\":\"分类\",\"name\":\"category\",\"iconPath\":\"https://shopex-onex-yundian-image.oss-cn-shanghai.aliyuncs.com/demo-ecshopx/image/151/2026/03/14/b850d2471c01a10156dc069baf003a131773468090955.分类1.png\",\"selectedIconPath\":\"https://shopex-onex-yundian-image.oss-cn-shanghai.aliyuncs.com/demo-ecshopx/image/151/2026/03/14/b850d2471c01a10156dc069baf003a131773468090953.分类.png\"},{\"pagePath\":\"/pages/cart/espier-index\",\"text\":\"购物车\",\"name\":\"cart\",\"iconPath\":\"https://shopex-onex-yundian-image.oss-cn-shanghai.aliyuncs.com/demo-ecshopx/image/151/2026/03/14/b850d2471c01a10156dc069baf003a131773468090962.购物车1.png\",\"selectedIconPath\":\"https://shopex-onex-yundian-image.oss-cn-shanghai.aliyuncs.com/demo-ecshopx/image/151/2026/03/14/b850d2471c01a10156dc069baf003a131773468090958.购物车.png\"},{\"pagePath\":\"/pages/member/index\",\"text\":\"我的\",\"name\":\"member\",\"iconPath\":\"https://shopex-onex-yundian-image.oss-cn-shanghai.aliyuncs.com/demo-ecshopx/image/151/2026/03/14/b850d2471c01a10156dc069baf003a131773468090976.我的1.png\",\"selectedIconPath\":\"https://shopex-onex-yundian-image.oss-cn-shanghai.aliyuncs.com/demo-ecshopx/image/151/2026/03/14/b850d2471c01a10156dc069baf003a131773468090968.我的.png\"}]}','2026-03-14 14:00:04','2026-03-14 14:02:01',0,0);

INSERT INTO `shipping_templates` (`template_id`, `company_id`, `name`, `is_free`, `distributor_id`, `valuation`, `protect`, `protect_rate`, `minprice`, `status`, `fee_conf`, `nopost_conf`, `free_conf`, `create_time`, `update_time`, `supplier_id`) VALUES
(1,1,'按件数','0',0,'2',NULL,NULL,NULL,1,'[{\"add_fee\":\"0\",\"add_standard\":\"1\",\"start_fee\":\"1\",\"start_standard\":\"1\"}]','[\"540000\",\"620000\",\"630000\",\"640000\",\"650000\",\"710000\",\"810000\",\"820000\"]','[]',1773650357,1773650357,0);

INSERT INTO `wechat_weapp_customize_page` (`id`, `template_name`, `company_id`, `page_name`, `page_description`, `page_share_title`, `page_share_desc`, `page_share_imageUrl`, `is_open`, `page_type`, `regionauth_id`) VALUES
(1,'yykweishop',1,'个人中心','个人中心','个人中心','','',1,'my',0);

INSERT INTO `wechat_weapp_setting` (`id`, `template_name`, `company_id`, `page_name`, `name`, `version`, `params`, `pages_template_id`, `sort_by`) VALUES
(1,'yykweishop',1,'index','page','v1.0.2','a:7:{s:2:\"id\";s:1:\"1\";s:4:\"name\";s:4:\"page\";s:4:\"base\";a:12:{s:23:\"navigateBackgroundColor\";s:4:\"#fff\";s:23:\"navigateBackgroundImage\";s:0:\"\";s:10:\"titleStyle\";s:1:\"3\";s:10:\"titleColor\";s:4:\"#000\";s:20:\"titleBackgroundImage\";s:0:\"\";s:16:\"showSearchButton\";b:1;s:17:\"searchButtonColor\";a:2:{s:7:\"bgColor\";s:7:\"#242322\";s:9:\"textColor\";s:7:\"#FFFFFF\";}s:19:\"pageBackgroundColor\";s:7:\"#f5f5f5\";s:19:\"pageBackgroundImage\";s:0:\"\";s:11:\"isImmersive\";b:0;s:22:\"immersiveScrollBgColor\";s:7:\"#ffffff\";s:16:\"pTitleHotSetting\";a:2:{s:4:\"type\";s:4:\"none\";s:7:\"hotzone\";a:2:{s:6:\"imgUrl\";s:0:\"\";s:4:\"data\";a:0:{}}}}s:4:\"tags\";a:3:{s:4:\"type\";s:1:\"2\";s:10:\"meber_tags\";a:0:{}s:13:\"no_meber_tags\";a:0:{}}s:8:\"tagsType\";s:1:\"2\";s:10:\"meber_tags\";a:0:{}s:13:\"no_meber_tags\";a:0:{}}',1,1),
(2,'yykweishop',1,'index','imgHotzone','v1.0.2','a:10:{s:2:\"id\";s:1:\"2\";s:4:\"name\";s:10:\"imgHotzone\";s:4:\"base\";a:3:{s:9:\"animation\";s:10:\"horizontal\";s:9:\"imgHeight\";i:312;s:11:\"outerMargin\";a:4:{s:7:\"paddedt\";i:0;s:7:\"paddedb\";i:0;s:7:\"paddedl\";i:0;s:7:\"paddedr\";i:0;}}s:6:\"config\";a:3:{s:6:\"imgUrl\";s:172:\"https://shopex-onex-yundian-image.oss-cn-shanghai.aliyuncs.com/demo-ecshopx/image/151/2026/03/14/24c340eecd3f552aaf58c72149c658eb1773468341057.截屏2026-01-18 17.46.16.png\";s:8:\"imgWidth\";i:750;s:9:\"imgHeight\";i:1156;}s:4:\"data\";a:0:{}s:5:\"track\";s:0:\"\";s:4:\"tags\";a:3:{s:4:\"type\";s:1:\"2\";s:10:\"meber_tags\";a:0:{}s:13:\"no_meber_tags\";a:0:{}}s:8:\"tagsType\";s:1:\"2\";s:10:\"meber_tags\";a:0:{}s:13:\"no_meber_tags\";a:0:{}}',1,2),
(3,'yykweishop',1,'index','goods','v1.0.2','a:7:{s:4:\"name\";s:5:\"goods\";s:4:\"base\";a:10:{s:11:\"outerMargin\";a:4:{s:7:\"paddedt\";i:0;s:7:\"paddedb\";i:0;s:7:\"paddedl\";i:0;s:7:\"paddedr\";i:0;}s:12:\"innerPadding\";a:4:{s:7:\"paddedt\";i:32;s:7:\"paddedb\";i:32;s:7:\"paddedl\";i:32;s:7:\"paddedr\";i:32;}s:5:\"track\";s:0:\"\";s:8:\"dataType\";s:5:\"items\";s:9:\"dataCount\";i:4;s:11:\"goodsLayout\";s:3:\"one\";s:9:\"titleText\";a:3:{s:4:\"type\";s:4:\"text\";s:4:\"text\";s:12:\"新品推荐\";s:5:\"image\";s:0:\"\";}s:10:\"titleColor\";s:7:\"#000000\";s:7:\"moreBtn\";a:2:{s:4:\"show\";b:1;s:5:\"color\";s:7:\"#000000\";}s:8:\"moreLink\";a:0:{}}s:4:\"data\";a:2:{s:2:\"id\";s:11:\"6,5,4,3,2,1\";s:4:\"info\";a:2:{s:6:\"length\";i:6;s:4:\"type\";s:8:\"group_id\";}}s:10:\"meber_tags\";a:0:{}s:13:\"no_meber_tags\";a:0:{}s:8:\"tagsType\";s:1:\"2\";s:2:\"id\";s:1:\"3\";}',1,3),
(4,'yykweishop',1,'custom_1','page','v1.0.1','a:7:{s:2:\"id\";s:1:\"4\";s:4:\"name\";s:4:\"page\";s:4:\"base\";a:11:{s:23:\"navigateBackgroundColor\";s:4:\"#fff\";s:23:\"navigateBackgroundImage\";s:0:\"\";s:10:\"titleStyle\";s:1:\"1\";s:10:\"titleColor\";s:4:\"#000\";s:20:\"titleBackgroundImage\";s:0:\"\";s:16:\"showSearchButton\";b:1;s:17:\"searchButtonColor\";a:2:{s:7:\"bgColor\";s:7:\"#FF6B35\";s:9:\"textColor\";s:7:\"#FFFFFF\";}s:19:\"pageBackgroundColor\";s:7:\"#f5f5f5\";s:19:\"pageBackgroundImage\";s:0:\"\";s:11:\"isImmersive\";b:0;s:16:\"pTitleHotSetting\";a:2:{s:4:\"type\";s:7:\"hotzone\";s:7:\"hotzone\";a:2:{s:6:\"imgUrl\";s:0:\"\";s:4:\"data\";a:0:{}}}}s:4:\"tags\";a:3:{s:4:\"type\";s:1:\"2\";s:10:\"meber_tags\";a:0:{}s:13:\"no_meber_tags\";a:0:{}}s:8:\"tagsType\";s:1:\"2\";s:10:\"meber_tags\";a:0:{}s:13:\"no_meber_tags\";a:0:{}}',0,1),
(5,'yykweishop',1,'custom_1','imgHotzone','v1.0.1','a:10:{s:2:\"id\";s:1:\"5\";s:4:\"name\";s:10:\"imgHotzone\";s:4:\"base\";a:3:{s:9:\"animation\";s:10:\"horizontal\";s:9:\"imgHeight\";i:312;s:11:\"outerMargin\";a:4:{s:7:\"paddedt\";i:32;s:7:\"paddedb\";i:32;s:7:\"paddedl\";i:32;s:7:\"paddedr\";i:32;}}s:6:\"config\";a:3:{s:6:\"imgUrl\";s:168:\"https://shopex-onex-yundian-image.oss-cn-shanghai.aliyuncs.com/demo-ecshopx/image/151/2026/03/14/41c92f4ba7e00d2d9642b04abeaf66c11773468146159.个人中心菜单ALL.jpg\";s:8:\"imgWidth\";i:750;s:9:\"imgHeight\";i:570;}s:4:\"data\";a:10:{i:0;a:7:{s:9:\"heightPer\";d:0.2832;s:8:\"widthPer\";d:0.1755;s:7:\"leftPer\";d:0.0372;s:6:\"topPer\";d:0.0731;s:8:\"linkPage\";s:4:\"link\";s:5:\"title\";s:12:\"报名活动\";s:2:\"id\";s:14:\"registActivity\";}i:1;a:7:{s:9:\"heightPer\";d:0.2972;s:8:\"widthPer\";d:0.2074;s:7:\"leftPer\";d:0.2739;s:6:\"topPer\";d:0.0521;s:8:\"linkPage\";s:4:\"link\";s:5:\"title\";s:12:\"积分商城\";s:2:\"id\";s:9:\"pointShop\";}i:2;a:7:{s:9:\"heightPer\";d:0.2797;s:8:\"widthPer\";d:0.1702;s:7:\"leftPer\";d:0.5239;s:6:\"topPer\";d:0.0591;s:8:\"linkPage\";s:4:\"link\";s:5:\"title\";s:12:\"我的收藏\";s:2:\"id\";s:10:\"my_collect\";}i:3;a:7:{s:9:\"heightPer\";d:0.2867;s:8:\"widthPer\";d:0.1995;s:7:\"leftPer\";d:0.7739;s:6:\"topPer\";d:0.0556;s:8:\"linkPage\";s:4:\"link\";s:5:\"title\";s:6:\"客服\";s:2:\"id\";s:15:\"customerService\";}i:4;a:7:{s:9:\"heightPer\";d:0.2587;s:8:\"widthPer\";d:0.1862;s:7:\"leftPer\";d:0.0399;s:6:\"topPer\";d:0.3738;s:8:\"linkPage\";s:4:\"link\";s:5:\"title\";s:6:\"设置\";s:2:\"id\";s:8:\"settings\";}i:5;a:7:{s:9:\"heightPer\";d:0.2517;s:8:\"widthPer\";d:0.1729;s:7:\"leftPer\";d:0.2872;s:6:\"topPer\";d:0.3913;s:8:\"linkPage\";s:4:\"link\";s:5:\"title\";s:12:\"地址管理\";s:2:\"id\";s:7:\"address\";}i:6;a:7:{s:9:\"heightPer\";d:0.2622;s:8:\"widthPer\";d:0.1676;s:7:\"leftPer\";d:0.5426;s:6:\"topPer\";d:0.3738;s:8:\"linkPage\";s:4:\"link\";s:5:\"title\";s:12:\"限时团购\";s:2:\"id\";s:11:\"groups_list\";}i:7;a:7:{s:9:\"heightPer\";d:0.2765;s:8:\"widthPer\";d:0.1888;s:7:\"leftPer\";d:0.0426;s:6:\"topPer\";d:0.7235;s:8:\"linkPage\";s:4:\"link\";s:5:\"title\";s:12:\"自提订单\";s:2:\"id\";s:9:\"zitiOrder\";}i:8;a:7:{s:9:\"heightPer\";d:0.2692;s:8:\"widthPer\";d:0.1888;s:7:\"leftPer\";d:0.2739;s:6:\"topPer\";d:0.7305;s:8:\"linkPage\";s:4:\"link\";s:5:\"title\";s:12:\"种草列表\";s:2:\"id\";s:8:\"hottopic\";}i:9;a:7:{s:9:\"heightPer\";d:0.2695;s:8:\"widthPer\";d:0.1649;s:7:\"leftPer\";d:0.5479;s:6:\"topPer\";d:0.727;s:8:\"linkPage\";s:4:\"link\";s:5:\"title\";s:12:\"会员开通\";s:2:\"id\";s:9:\"vipgrades\";}}s:5:\"track\";s:0:\"\";s:4:\"tags\";a:3:{s:4:\"type\";s:1:\"2\";s:10:\"meber_tags\";a:0:{}s:13:\"no_meber_tags\";a:0:{}}s:8:\"tagsType\";s:1:\"2\";s:10:\"meber_tags\";a:0:{}s:13:\"no_meber_tags\";a:0:{}}',0,3),
(6,'yykweishop',1,'custom_1','orderNavigation','v1.0.1','a:9:{s:4:\"name\";s:15:\"orderNavigation\";s:4:\"base\";a:4:{s:11:\"outerMargin\";a:4:{s:7:\"paddedt\";i:32;s:7:\"paddedb\";i:32;s:7:\"paddedl\";i:32;s:7:\"paddedr\";i:32;}s:5:\"title\";s:0:\"\";s:6:\"padded\";b:1;s:10:\"titleColor\";s:4:\"#000\";}s:4:\"data\";a:4:{i:0;a:2:{s:7:\"content\";s:15:\"cff31093.818d78\";s:6:\"imgUrl\";s:0:\"\";}i:1;a:2:{s:7:\"content\";s:15:\"cff31093.4933ca\";s:6:\"imgUrl\";s:0:\"\";}i:2;a:2:{s:7:\"content\";s:15:\"cff31093.a48b28\";s:6:\"imgUrl\";s:0:\"\";}i:3;a:2:{s:7:\"content\";s:15:\"cff31093.59bd68\";s:6:\"imgUrl\";s:0:\"\";}}s:5:\"track\";s:0:\"\";s:4:\"tags\";a:3:{s:4:\"type\";s:1:\"2\";s:10:\"meber_tags\";a:0:{}s:13:\"no_meber_tags\";a:0:{}}s:8:\"tagsType\";s:1:\"2\";s:10:\"meber_tags\";a:0:{}s:13:\"no_meber_tags\";a:0:{}s:2:\"id\";s:1:\"6\";}',0,2);
